id,run_id,external_id,name,last_updated_date
115,41,,Academia Brasileira de Ciencias,1/24/2024 5:40:34 PM
116,41,,Academic Press,1/24/2024 5:40:34 PM
118,41,,African Association of Agricultural Economists,1/24/2024 5:40:34 PM
120,41,,Agricultural Extension Society of Nigeria,1/24/2024 5:40:34 PM
121,41,,Agricultural Institute of Canada,1/24/2024 5:40:34 PM
122,41,,Agricultural Research Communication Centre,1/24/2024 5:40:34 PM
123,41,,AIMS Press,1/24/2024 5:40:34 PM
124,41,,Akademiai Kiado ZRt.,1/24/2024 5:40:34 PM
125,41,,Alexandrine Press,1/24/2024 5:40:34 PM
127,41,,American Association for the Advancement of Science,1/24/2024 5:40:34 PM
128,41,,American Association of Avian Pathologists,1/24/2024 5:40:34 PM
129,41,,American Institute of Physics Inc.,1/24/2024 5:40:34 PM
130,41,,American Meteorological Society,1/24/2024 5:40:34 PM
131,41,,American Phytopathological Society,1/24/2024 5:40:34 PM
132,41,,American Society for Engineering Management,1/24/2024 5:40:34 PM
133,41,,American Society for Horticultural Science,1/24/2024 5:40:34 PM
134,41,,American Society for Photogrammetry and Remote Sensing,1/24/2024 5:40:34 PM
135,41,,American Society of Agricultural and Biological Engineers,1/24/2024 5:40:34 PM
136,41,,American Society of Agronomy,1/24/2024 5:40:34 PM
137,41,,"American Society of Agronomy, Crop Science Society of America, Soil Science Society of America",1/24/2024 5:40:34 PM
138,41,,American Society of Mechanical Engineers (ASME),1/24/2024 5:40:34 PM
139,41,,American Veterinary Medical Association,1/24/2024 5:40:34 PM
140,41,,Annual Reviews Inc.,1/24/2024 5:40:34 PM
141,41,,Armand Colin,1/24/2024 5:40:34 PM
142,41,,ASA/CSSA/SSSA,1/24/2024 5:40:34 PM
144,41,,ASERS Publishing House,1/24/2024 5:40:34 PM
145,41,,Asian Economic and Social Society,1/24/2024 5:40:34 PM
147,41,,Associacao Brasileira de Pos - Graduacao em Saude Coletiva,1/24/2024 5:40:34 PM
148,41,,Association of Japanese Geographers,1/24/2024 5:40:34 PM
150,41,,Aussino Academic Publishing House,1/24/2024 5:40:34 PM
151,41,,Austrian Geographical Society,1/24/2024 5:40:34 PM
152,41,,"Bellwether Publishing, Ltd.",1/24/2024 5:40:34 PM
153,41,,Bentham Science Publishers,1/24/2024 5:40:34 PM
154,41,,BioMed Central Ltd,1/24/2024 5:40:34 PM
155,41,,BioMed Central Ltd.,1/24/2024 5:40:34 PM
156,41,,Blackwell Publishing Inc.,1/24/2024 5:40:34 PM
157,41,,Blackwell Publishing Ltd,1/24/2024 5:40:34 PM
158,41,,Blue Eyes Intelligence Engineering and Sciences Publication,1/24/2024 5:40:34 PM
159,41,,Bogor Agricultural University,1/24/2024 5:40:34 PM
160,41,,Bononia University Press,1/24/2024 5:40:34 PM
161,41,,Brazilian Institute for Information in Science and Technology,1/24/2024 5:40:34 PM
164,41,,Brill Academic Publishers,1/24/2024 5:40:34 PM
165,41,,CABI International,1/24/2024 5:40:34 PM
166,41,,Canadian Institute of Forestry,1/24/2024 5:40:34 PM
168,41,,Canadian Science Publishing,1/24/2024 5:40:34 PM
170,41,,Center for Environmental and Energy Research and Studies,1/24/2024 5:40:34 PM
171,41,,Center for Great Plains Studies,1/24/2024 5:40:34 PM
172,41,,Center for Southeast Asian Studies,1/24/2024 5:40:34 PM
173,41,,Centers for Disease Control and Prevention (CDC),1/24/2024 5:40:34 PM
174,41,,CentMa GmbH,1/24/2024 5:40:34 PM
176,41,,Centre of Sociological Research,1/24/2024 5:40:34 PM
178,41,,Centro de Investigaciones Agroalimentarias (CIAAL),1/24/2024 5:40:34 PM
179,41,,Centro Universitario de Anapolis,1/24/2024 5:40:34 PM
181,41,,Chinese Society of Agricultural Engineering,1/24/2024 5:40:34 PM
182,41,,Chinese Society of Agricultural Machinery,1/24/2024 5:40:34 PM
187,41,,"College of Agriculture and Food Science, University of the Philippines Los Banos",1/24/2024 5:40:34 PM
188,41,,Colorado State University,1/24/2024 5:40:34 PM
189,41,,Commonwealth Forestry Association,1/24/2024 5:40:34 PM
190,41,,Copernicus GmbH,1/24/2024 5:40:34 PM
191,41,,Corporacion Colombiana de Investigacion Agropecuaria Corpoica,1/24/2024 5:40:34 PM
192,41,,Corvinus University of Budapest,1/24/2024 5:40:34 PM
193,41,,CSIRO,1/24/2024 5:40:34 PM
194,41,,Czech Academy of Agricultural Sciences,1/24/2024 5:40:34 PM
195,41,,De Gruyter,1/24/2024 5:40:34 PM
197,41,,De Gruyter Open Ltd,1/24/2024 5:40:34 PM
198,41,,De la Salle University,1/24/2024 5:40:34 PM
200,41,,Deutscher Fachverlag GmbH,1/24/2024 5:40:34 PM
201,41,,Duke University School of Law,1/24/2024 5:40:34 PM
202,41,,Ecological Society of America,1/24/2024 5:40:34 PM
203,41,,Ecological Society of India,1/24/2024 5:40:34 PM
204,41,,Economic and Political Weekly,1/24/2024 5:40:34 PM
206,41,,"Economic Research Institute, Far Eastern Branch, Russian Academy of Sciences",1/24/2024 5:40:34 PM
207,41,,Economics Bulletin,1/24/2024 5:40:34 PM
214,41,,EDP Sciences,1/24/2024 5:40:34 PM
216,41,,Embrapa,1/24/2024 5:40:34 PM
217,41,,Emerald Group Holdings Ltd.,1/24/2024 5:40:34 PM
218,41,,Emerald Group Publishing Ltd.,1/24/2024 5:40:34 PM
219,41,,Entrepreneurship and Sustainability Center,1/24/2024 5:40:34 PM
221,41,,ETA-Florence Renewable Energies,1/24/2024 5:40:34 PM
222,41,,European Centre for Disease Prevention and Control (ECDC),1/24/2024 5:40:34 PM
223,41,,European Survey Research Association,1/24/2024 5:40:34 PM
224,41,,"Extension Journal, Inc.",1/24/2024 5:40:34 PM
226,41,,Firenze University Press,1/24/2024 5:40:34 PM
227,41,,Food Distribution Research Society,1/24/2024 5:40:34 PM
229,41,,Franco Angeli Edizioni,1/24/2024 5:40:34 PM
230,41,,FrancoAngeli,1/24/2024 5:40:34 PM
231,41,,Frontiers Media S.A.,1/24/2024 5:40:34 PM
234,41,,Fundacao Oswaldo Cruz,1/24/2024 5:40:34 PM
235,41,,Fundacion CIPAV,1/24/2024 5:40:34 PM
236,41,,Gebruder Borntraeger Verlagsbuchhandlung,1/24/2024 5:40:34 PM
237,41,,Genetics Society of America,1/24/2024 5:40:34 PM
238,41,,Geographical Society of Ireland,1/24/2024 5:40:34 PM
239,41,,Geographical Society of Northern Finland,1/24/2024 5:40:34 PM
241,41,,"Gheorghe Asachi Technical University of Iasi, Romania",1/24/2024 5:40:34 PM
242,41,,Greek Association of Agricultural Economists,1/24/2024 5:40:34 PM
243,41,,Growing Science,1/24/2024 5:40:34 PM
247,41,,Higher Education Press Limited Company,1/24/2024 5:40:34 PM
248,41,,Horizon Research Publishing,1/24/2024 5:40:34 PM
249,41,,Horticultural Research Institute,1/24/2024 5:40:34 PM
251,41,,Humboldt Field Research Institute,1/24/2024 5:40:34 PM
252,41,,IAEME Publication,1/24/2024 5:40:34 PM
253,41,,ICMPE,1/24/2024 5:40:34 PM
254,41,,"Igitur, Utrecht Publishing and Archiving Services",1/24/2024 5:40:34 PM
255,41,,Inderscience Publishers,1/24/2024 5:40:34 PM
256,41,,Indian Academy of Sciences,1/24/2024 5:40:34 PM
257,41,,Indian Council of Agricultural Research,1/24/2024 5:40:34 PM
258,41,,Indian Society of Agricultural Economics,1/24/2024 5:40:34 PM
260,41,,Informa Healthcare,1/24/2024 5:40:34 PM
261,41,,INIFAP-CENID Parasitologia Veterinaria,1/24/2024 5:40:34 PM
263,41,,"Institut Pertanian Bogor, Department of Forest Management, Faculty of Forestry",1/24/2024 5:40:34 PM
264,41,,Institute for Land Reclamation and Grassland Farming,1/24/2024 5:40:34 PM
265,41,,"Institute for Research and Community Services, Institut Teknologi Bandung",1/24/2024 5:40:34 PM
266,41,,"Institute of Advanced Scientific Research, Inc.",1/24/2024 5:40:34 PM
267,41,,"Institute of Advanced Studies, University of Santiago de Chile",1/24/2024 5:40:34 PM
268,41,,Institute of Agricultural Management,1/24/2024 5:40:34 PM
269,41,,Institute of Eastern Europe and Central Asia,1/24/2024 5:40:34 PM
270,41,,Institute of Electrical and Electronics Engineers Inc.,1/24/2024 5:40:34 PM
271,41,,Institute of Medico-Legal Publications,1/24/2024 5:40:34 PM
272,41,,Institute of Physics,1/24/2024 5:40:34 PM
273,41,,Institute of Physics Publishing,1/24/2024 5:40:34 PM
278,41,,Inter-Research,1/24/2024 5:40:34 PM
279,41,,International Association for Food Protection,1/24/2024 5:40:34 PM
282,41,,"International Business Information Management Association, IBIMA",1/24/2024 5:40:34 PM
284,41,,International Journal of Scientific and Technology Research,1/24/2024 5:40:34 PM
288,41,,International Society for Horticultural Science,1/24/2024 5:40:34 PM
289,41,,International Society for Photogrammetry and Remote Sensing,1/24/2024 5:40:34 PM
293,41,,International Water Management Institute,1/24/2024 5:40:34 PM
295,41,,IOP Publishing Ltd,1/24/2024 5:40:34 PM
296,41,,IOS Press BV,1/24/2024 5:40:34 PM
297,41,,ISEAS - Yusof Ishak Institute,1/24/2024 5:40:34 PM
298,41,,Islamic Azad University,1/24/2024 5:40:34 PM
299,41,,Italian Association of Chemical Engineering - AIDIC,1/24/2024 5:40:34 PM
300,41,,IWA Publishing,1/24/2024 5:40:34 PM
301,41,,Jack H. Berryman Institute,1/24/2024 5:40:34 PM
303,41,,John Wiley and Sons Inc,1/24/2024 5:40:34 PM
304,41,,John Wiley and Sons Inc.,1/24/2024 5:40:34 PM
305,41,,John Wiley and Sons Ltd,1/24/2024 5:40:34 PM
306,41,,Kansas Entomological Society,1/24/2024 5:40:34 PM
307,41,,Kassel University Press GmbH,1/24/2024 5:40:34 PM
308,41,,Kerala Agricultural University,1/24/2024 5:40:34 PM
309,41,,Korea Distribution Science Association (KODISA),1/24/2024 5:40:34 PM
312,41,,Library of the University of Arizona,1/24/2024 5:40:34 PM
314,41,,Mary Ann Liebert Inc.,1/24/2024 5:40:34 PM
315,41,,MDPI,1/24/2024 5:40:34 PM
316,41,,MDPI AG,1/24/2024 5:40:34 PM
317,41,,MDPI Multidisciplinary Digital Publishing Institute,1/24/2024 5:40:34 PM
318,41,,Michigan Law Review Association,1/24/2024 5:40:34 PM
319,41,,Ministerio de Agricultura Pesca y Alimentacion,1/24/2024 5:40:34 PM
320,41,,MIT Press Journals,1/24/2024 5:40:34 PM
323,41,,NAIK Research Institute of Agricultural Economics,1/24/2024 5:40:34 PM
325,41,,Natural Areas Association,1/24/2024 5:40:34 PM
326,41,,Nature Publishing Group,1/24/2024 5:40:34 PM
327,41,,Nature Research,1/24/2024 5:40:34 PM
328,41,,Non-profit partnership 'Voprosy Ekonomiki',1/24/2024 5:40:34 PM
329,41,,Nordic Council for Wildlife Research,1/24/2024 5:40:34 PM
330,41,,Now Publishers Inc,1/24/2024 5:40:34 PM
331,41,,Okanagan University College,1/24/2024 5:40:34 PM
332,41,,Oklahoma State University,1/24/2024 5:40:34 PM
334,41,,Oxford University Press,1/24/2024 5:40:34 PM
335,41,,Pakistan Agricultural Scientists Forum,1/24/2024 5:40:34 PM
336,41,,Palgrave Macmillan,1/24/2024 5:40:34 PM
337,41,,Palgrave Macmillan Ltd.,1/24/2024 5:40:34 PM
339,41,,Parlar Scientific Publications,1/24/2024 5:40:34 PM
340,41,,Pensoft Publishers,1/24/2024 5:40:34 PM
341,41,,Pleiades journals,1/24/2024 5:40:34 PM
342,41,,Pleiades Publishing,1/24/2024 5:40:34 PM
346,41,,Pontificia Universidade Catolica de Campinas,1/24/2024 5:40:34 PM
347,41,,Pontificia Universidade Catolica do Parana,1/24/2024 5:40:34 PM
349,41,,Primrose Hall Publishing Group,1/24/2024 5:40:34 PM
350,41,,Public Library of Science,1/24/2024 5:40:34 PM
353,41,,ResearchersLinks Ltd,1/24/2024 5:40:34 PM
354,41,,Resilience Alliance,1/24/2024 5:40:34 PM
355,41,,Rocky Mountain Mathematics Consortium,1/24/2024 5:40:34 PM
356,41,,Routledge,1/24/2024 5:40:34 PM
357,41,,Royal Irish Academy,1/24/2024 5:40:34 PM
358,41,,Royal Society Publishing,1/24/2024 5:40:34 PM
359,41,,Rural Sociological Society,1/24/2024 5:40:34 PM
360,41,,Russian Academy of Sciences,1/24/2024 5:40:34 PM
361,41,,S. Karger AG,1/24/2024 5:40:34 PM
362,41,,SAGE Publications Inc.,1/24/2024 5:40:34 PM
363,41,,SAGE Publications Ltd,1/24/2024 5:40:34 PM
365,41,,Science in China Press,1/24/2024 5:40:34 PM
366,41,,Science Press,1/24/2024 5:40:34 PM
367,41,,Sciendo,1/24/2024 5:40:34 PM
368,41,,Serials Publications,1/24/2024 5:40:34 PM
370,41,,Sociedad Latinoamericana y Caribeña de Historia Ambiental,1/24/2024 5:40:34 PM
371,41,,Sociedade Brasileira de Economia e Sociologia Rural,1/24/2024 5:40:34 PM
372,41,,Sociedade Brasileira de Pesquisa Operacional,1/24/2024 5:40:34 PM
375,41,,Society for Human Ecology,1/24/2024 5:40:34 PM
376,41,,Society for Plant Research,1/24/2024 5:40:34 PM
377,41,,Soil and Water Conservation Society,1/24/2024 5:40:34 PM
378,41,,Soil Conservation Society of America,1/24/2024 5:40:34 PM
379,41,,Southern Cross Publishing,1/24/2024 5:40:34 PM
380,41,,SPIE,1/24/2024 5:40:34 PM
381,41,,Springer,1/24/2024 5:40:34 PM
382,41,,Springer International Publishing,1/24/2024 5:40:34 PM
383,41,,Springer Japan,1/24/2024 5:40:34 PM
384,41,,Springer Netherlands,1/24/2024 5:40:34 PM
385,41,,Springer New York LLC,1/24/2024 5:40:34 PM
386,41,,Springer Science and Business Media B.V.,1/24/2024 5:40:34 PM
387,41,,Springer Science and Business Media Deutschland GmbH,1/24/2024 5:40:34 PM
388,41,,"Springer Science and Business Media, LLC",1/24/2024 5:40:34 PM
389,41,,Springer Science+Business Media B.V.,1/24/2024 5:40:34 PM
390,41,,Springer Tokyo,1/24/2024 5:40:34 PM
391,41,,Springer Verlag,1/24/2024 5:40:34 PM
392,41,,Springer-Verlag France,1/24/2024 5:40:34 PM
393,41,,Springer-Verlag Italia s.r.l.,1/24/2024 5:40:34 PM
394,41,,SpringerOpen,1/24/2024 5:40:34 PM
395,41,,SRAC - Romanian Society for Quality,1/24/2024 5:40:34 PM
396,41,,Tarbiat Modares University,1/24/2024 5:40:34 PM
397,41,,Taylor and Francis Asia Pacific,1/24/2024 5:40:34 PM
398,41,,Taylor and Francis Inc.,1/24/2024 5:40:34 PM
399,41,,Taylor and Francis Ltd,1/24/2024 5:40:34 PM
400,41,,Taylor and Francis Ltd.,1/24/2024 5:40:34 PM
402,41,,The Society of Economics and Development,1/24/2024 5:40:34 PM
404,41,,Triveni Enterprises,1/24/2024 5:40:34 PM
406,41,,Universidad Autonoma de Yucatan,1/24/2024 5:40:34 PM
408,41,,Universidad de Murcia,1/24/2024 5:40:34 PM
409,41,,Universidad del Zulia,1/24/2024 5:40:34 PM
411,41,,Universidad Politecnica de Valencia.,1/24/2024 5:40:34 PM
412,41,,Universidade de Brasilia,1/24/2024 5:40:34 PM
414,41,,Universidade de Taubate,1/24/2024 5:40:34 PM
417,41,,Universidade Estadual de Londrina,1/24/2024 5:40:34 PM
419,41,,Universidade Federal de Goias,1/24/2024 5:40:34 PM
423,41,,Universidade Federal de Santa Maria,1/24/2024 5:40:34 PM
424,41,,Universidade Federal do Parana 1,1/24/2024 5:40:34 PM
425,41,,Universidade Federal Rural de Pernambuco,1/24/2024 5:40:34 PM
427,41,,Universitat Politecnica de Valencia,1/24/2024 5:40:34 PM
429,41,,University of Agriculture,1/24/2024 5:40:34 PM
430,41,,University of Belgrade - Faculty of Agriculture,1/24/2024 5:40:34 PM
433,41,,University of California Press,1/24/2024 5:40:34 PM
434,41,,"University of California, Berkeley",1/24/2024 5:40:34 PM
435,41,,"University of California, Oakland",1/24/2024 5:40:34 PM
436,41,,University of Kassel,1/24/2024 5:40:34 PM
437,41,,University of Minnesota Press,1/24/2024 5:40:34 PM
438,41,,University of Missouri,1/24/2024 5:40:34 PM
440,41,,University of New Mexico,1/24/2024 5:40:34 PM
441,41,,University of North Carolina Press,1/24/2024 5:40:34 PM
442,41,,University of Notre Dame,1/24/2024 5:40:34 PM
443,41,,University of Surrey,1/24/2024 5:40:34 PM
445,41,,University of Wisconsin Press,1/24/2024 5:40:34 PM
446,41,,University of Zagreb - Faculty of Agriculture,1/24/2024 5:40:34 PM
448,41,,US Geological Survey,1/24/2024 5:40:34 PM
449,41,,USDA Forest Service,1/24/2024 5:40:34 PM
450,41,,Verlag Eugen Ulmer,1/24/2024 5:40:34 PM
451,41,,Walter de Gruyter GmbH,1/24/2024 5:40:34 PM
452,41,,Water Alternatives Association,1/24/2024 5:40:34 PM
453,41,,Water Environment Federation,1/24/2024 5:40:34 PM
454,41,,Wiley Blackwell,1/24/2024 5:40:34 PM
455,41,,Wiley-Blackwell,1/24/2024 5:40:34 PM
456,41,,Wiley-Blackwell Publishing Ltd,1/24/2024 5:40:34 PM
457,41,,Wiley-Liss Inc.,1/24/2024 5:40:34 PM
458,41,,Wiley-VCH Verlag,1/24/2024 5:40:34 PM
459,41,,WITPress,1/24/2024 5:40:34 PM
461,41,,World Scientific,1/24/2024 5:40:34 PM
462,41,,World Scientific Publishing Co. Pte Ltd,1/24/2024 5:40:34 PM
3114,41,,Academic Press Inc.,1/24/2024 5:40:34 PM
3115,41,,"American Academy of Allergy, Asthma and Immunology",1/24/2024 5:40:34 PM
3116,41,,"American College of Allergy, Asthma and Immunology",1/24/2024 5:40:34 PM
3117,41,,American College of Chest Physicians,1/24/2024 5:40:34 PM
3118,41,,American Dental Association,1/24/2024 5:40:34 PM
3119,41,,American Pharmacists Association,1/24/2024 5:40:34 PM
3120,41,,"Annals of Family Medicine, Inc",1/24/2024 5:40:34 PM
3121,41,,Churchill Livingstone,1/24/2024 5:40:34 PM
3122,41,,Churchill Livingstone Inc.,1/24/2024 5:40:34 PM
3123,41,,Elsevier,1/24/2024 5:40:34 PM
3124,41,,Elsevier B.V.,1/24/2024 5:40:34 PM
3125,41,,Elsevier GmbH,1/24/2024 5:40:34 PM
3126,41,,Elsevier Inc,1/24/2024 5:40:34 PM
3127,41,,Elsevier Inc.,1/24/2024 5:40:34 PM
3128,41,,Elsevier Ireland Ltd,1/24/2024 5:40:34 PM
3129,41,,Elsevier Ltd,1/24/2024 5:40:34 PM
3130,41,,Elsevier Masson s.r.l.,1/24/2024 5:40:34 PM
3131,41,,Elsevier USA,1/24/2024 5:40:34 PM
3134,41,,Lippincott Williams and Wilkins,1/24/2024 5:40:34 PM
3135,41,,Mosby Inc.,1/24/2024 5:40:34 PM
3137,41,,W.B. Saunders,1/24/2024 5:40:34 PM
3138,41,,W.B. Saunders Ltd,1/24/2024 5:40:34 PM
20100,41,,AANA Publishing Inc.,1/24/2024 5:40:34 PM
20103,41,,Academy of Managed Care Pharmacy (AMCP),1/24/2024 5:40:34 PM
20104,41,,Alcohol Research Documentation Inc.,1/24/2024 5:40:34 PM
20106,41,,AME Publishing Company,1/24/2024 5:40:34 PM
20108,41,,American Academy of Family Physicians,1/24/2024 5:40:34 PM
20109,41,,American Academy of Pediatrics,1/24/2024 5:40:34 PM
20110,41,,American Agricultural Economics Association,1/24/2024 5:40:34 PM
20111,41,,American Association for Cancer Research Inc.,1/24/2024 5:40:34 PM
20113,41,,American Association of Physics Teachers,1/24/2024 5:40:34 PM
20114,41,,American Board of Family Medicine,1/24/2024 5:40:34 PM
20117,41,,American College of Physicians,1/24/2024 5:40:34 PM
20119,41,,American Diabetes Association Inc.,1/24/2024 5:40:34 PM
20120,41,,American Institute of Aeronautics and Astronautics Inc.,1/24/2024 5:40:34 PM
20121,41,,American Institute of Nutrition,1/24/2024 5:40:34 PM
20122,41,,American Medical Association,1/24/2024 5:40:34 PM
20123,41,,"American Occupational Therapy Association, Inc",1/24/2024 5:40:34 PM
20125,41,,American Psychiatric Association,1/24/2024 5:40:34 PM
20126,41,,American Psychological Association,1/24/2024 5:40:34 PM
20127,41,,American Psychological Association Inc.,1/24/2024 5:40:34 PM
20128,41,,American Public Health Association Inc.,1/24/2024 5:40:34 PM
20129,41,,American Society for Cell Biology,1/24/2024 5:40:34 PM
20131,41,,American Society of Clinical Oncology,1/24/2024 5:40:34 PM
20132,41,,American Society of Health-Systems Pharmacy,1/24/2024 5:40:34 PM
20134,41,,American Sociological Association,1/24/2024 5:40:34 PM
20135,41,,American Speech-Language-Hearing Association,1/24/2024 5:40:34 PM
20136,41,,American Thoracic Society,1/24/2024 5:40:34 PM
20138,41,,Anthony J. Jannetti Inc.,1/24/2024 5:40:34 PM
20139,41,,ARHEN - Australian Rural Health Education Network Ltd,1/24/2024 5:40:34 PM
20141,41,,Ascend Media,1/24/2024 5:40:34 PM
20142,41,,Ashgate Publishing Ltd,1/24/2024 5:40:34 PM
20143,41,,Aspen Publishers Inc.,1/24/2024 5:40:34 PM
20144,41,,Association for Computing Machinery,1/24/2024 5:40:34 PM
20145,41,,Association of American Medical Colleges,1/24/2024 5:40:34 PM
20146,41,,Association of Schools of Public Health,1/24/2024 5:40:34 PM
20148,41,,BioMed Central,1/24/2024 5:40:34 PM
20151,41,,Blackwell Publishing,1/24/2024 5:40:34 PM
20154,41,,BMJ Publishing Group,1/24/2024 5:40:34 PM
20155,41,,Cambridge University Press,1/24/2024 5:40:34 PM
20156,41,,Canadian Medical Association,1/24/2024 5:40:34 PM
20162,41,,CRC Press,1/24/2024 5:40:34 PM
20164,41,,CUPUM,1/24/2024 5:40:34 PM
20165,41,,Czech Academy of Sciences,1/24/2024 5:40:34 PM
20168,41,,Edward Elgar Publishing Ltd.,1/24/2024 5:40:34 PM
20171,41,,Elsevier BV,1/24/2024 5:40:34 PM
20181,41,,European Publishing,1/24/2024 5:40:34 PM
20182,41,,Expert Reviews Ltd.,1/24/2024 5:40:34 PM
20184,41,,Families International Inc,1/24/2024 5:40:34 PM
20185,41,,Frontiers Media S. A,1/24/2024 5:40:34 PM
20187,41,,Future Medicine Ltd.,1/24/2024 5:40:34 PM
20188,41,,Georg Thieme Verlag,1/24/2024 5:40:34 PM
20189,41,,Gerontological Society of America,1/24/2024 5:40:34 PM
20190,41,,Grupo de Investigacion en Atencion Farmaceutica,1/24/2024 5:40:34 PM
20191,41,,HARD Publishing Company,1/24/2024 5:40:34 PM
20192,41,,Hindawi Limited,1/24/2024 5:40:34 PM
20193,41,,Hindawi Publishing Corporation,1/24/2024 5:40:34 PM
20194,41,,Human Kinetics Publishers Inc.,1/24/2024 5:40:34 PM
20195,41,,Humana Press Inc.,1/24/2024 5:40:34 PM
20199,41,,Institute of Health Promotion and Education,1/24/2024 5:40:34 PM
20200,41,,Institute of Industrial Engineers,1/24/2024 5:40:34 PM
20201,41,,Institute of Mathematical Statistics,1/24/2024 5:40:34 PM
20205,41,,IP Publishing Ltd,1/24/2024 5:40:34 PM
20207,41,,JAI Press,1/24/2024 5:40:34 PM
20208,41,,James Cook University,1/24/2024 5:40:34 PM
20209,41,,JMIR Publications Inc.,1/24/2024 5:40:34 PM
20213,41,,Johns Hopkins University Press,1/24/2024 5:40:34 PM
20215,41,,Journal of Rheumatology,1/24/2024 5:40:34 PM
20216,41,,Kluwer Academic Publishers,1/24/2024 5:40:34 PM
20217,41,,Kluwer Academic Publishers-Human Sciences Press,1/24/2024 5:40:34 PM
20218,41,,Kluwer Academic/Human Sciences Press Inc.,1/24/2024 5:40:34 PM
20219,41,,Kutztown University of Pennsylvania,1/24/2024 5:40:34 PM
20222,41,,Massachussetts Medical Society,1/24/2024 5:40:34 PM
20226,41,,Medpharm Publications,1/24/2024 5:40:34 PM
20229,41,,Nanjing Medical University and Chungbuk National University Press,1/24/2024 5:40:34 PM
20230,41,,National Academies Press,1/24/2024 5:40:34 PM
20231,41,,National Academy of Sciences,1/24/2024 5:40:34 PM
20232,41,,National Association of Social Workers,1/24/2024 5:40:34 PM
20233,41,,National Center for Health Statistics,1/24/2024 5:40:34 PM
20234,41,,National Council on Family Relations,1/24/2024 5:40:34 PM
20235,41,,National Medical Association,1/24/2024 5:40:34 PM
20236,41,,National Recreation and Park Association,1/24/2024 5:40:34 PM
20237,41,,National Rural Health Association,1/24/2024 5:40:34 PM
20240,41,,NLM (Medline),1/24/2024 5:40:34 PM
20241,41,,Northeastern Agricultural and Resource Economics Association (NAREA),1/24/2024 5:40:34 PM
20242,41,,"Nova Science Publishers, Inc.",1/24/2024 5:40:34 PM
20243,41,,Ohio State University,1/24/2024 5:40:34 PM
20245,41,,Oncology Nursing Society,1/24/2024 5:40:34 PM
20247,41,,Pan American Health Organization,1/24/2024 5:40:34 PM
20248,41,,Penerbit Universiti Kebangsaan Malaysia,1/24/2024 5:40:34 PM
20249,41,,Pennsylvania Geographical Society,1/24/2024 5:40:34 PM
20250,41,,Pion Limited,1/24/2024 5:40:34 PM
20251,41,,PNG Publications,1/24/2024 5:40:34 PM
20252,41,,Population Council,1/24/2024 5:40:34 PM
20253,41,,Project HOPE,1/24/2024 5:40:34 PM
20254,41,,"Public Health Services, US Dept of Health and Human Services",1/24/2024 5:40:34 PM
20256,41,,Research Publishing Services,1/24/2024 5:40:34 PM
20258,41,,Routledge Taylor & Francis Group,1/24/2024 5:40:34 PM
20260,41,,Russell Sage Foundation,1/24/2024 5:40:34 PM
20264,41,,Slack Incorporated,1/24/2024 5:40:34 PM
20265,41,,Society of American Foresters,1/24/2024 5:40:34 PM
20266,41,,Society of Teachers of Family Medicine,1/24/2024 5:40:34 PM
20267,41,,Sociological Demography Press,1/24/2024 5:40:34 PM
20268,41,,Southeastern Surgical Congress,1/24/2024 5:40:34 PM
20272,41,,Springer Nature,1/24/2024 5:40:34 PM
20275,41,,Springer Publishing Company,1/24/2024 5:40:34 PM
20283,41,,State Medical Society of Wisconsin,1/24/2024 5:40:34 PM
20284,41,,State University of New York Press,1/24/2024 5:40:34 PM
20285,41,,Taylor and Francis,1/24/2024 5:40:34 PM
20289,41,,"Thieme Medical Publishers, Inc.",1/24/2024 5:40:34 PM
20290,41,,Ubiquity Press,1/24/2024 5:40:34 PM
20291,41,,UCLA American Indian Studies Center,1/24/2024 5:40:34 PM
20292,41,,University of Calgary,1/24/2024 5:40:34 PM
20293,41,,University of Chicago Press,1/24/2024 5:40:34 PM
20294,41,,University of Georgia,1/24/2024 5:40:34 PM
20295,41,,University of Nebraska,1/24/2024 5:40:34 PM
20300,41,,W.E. Upjohn Institute,1/24/2024 5:40:34 PM
20301,41,,Western Michigan University,1/24/2024 5:40:34 PM
20302,41,,Western Society of Criminology,1/24/2024 5:40:34 PM
20303,41,,Weston Medical Publishing,1/24/2024 5:40:34 PM
20304,41,,wiley,1/24/2024 5:40:34 PM
20315,41,,Agricultural Experiment Station,1/24/2024 5:40:34 PM
20317,41,,Agricultural History Society,1/24/2024 5:40:34 PM
20326,41,,American Association of Clinical Endocrinologists,1/24/2024 5:40:34 PM
20327,41,,American Association of Swine Veterinarians,1/24/2024 5:40:34 PM
20328,41,,American Chemical Society,1/24/2024 5:40:34 PM
20329,41,,American Economic Association,1/24/2024 5:40:34 PM
20330,41,,American Entomological Society,1/24/2024 5:40:34 PM
20333,41,,American Ornithological Society,1/24/2024 5:40:34 PM
20335,41,,American Pomological Society,1/24/2024 5:40:34 PM
20339,41,,American Society for Microbiology,1/24/2024 5:40:34 PM
20344,41,,American Society of Animal Science,1/24/2024 5:40:34 PM
20345,41,,American Society of Civil Engineers (ASCE),1/24/2024 5:40:34 PM
20347,41,,American Society of Plant Biologists,1/24/2024 5:40:34 PM
20350,41,,Applied Computational Electromagnetics Society (ACES),1/24/2024 5:40:34 PM
20357,41,,Asian-Australasian Association of Animal Production Societies,1/24/2024 5:40:34 PM
20361,41,,"Association for Computing Machinery, Inc",1/24/2024 5:40:34 PM
20362,41,,Association for Fire Ecology,1/24/2024 5:40:34 PM
20367,41,,Beijing Normal University Press,1/24/2024 5:40:34 PM
20388,41,,Canadian Veterinary Medical Association,1/24/2024 5:40:34 PM
20400,41,,Chinese Academy of Sciences,1/24/2024 5:40:34 PM
20414,41,,Cotton Foundation,1/24/2024 5:40:34 PM
20416,41,,Crop Science Society of America,1/24/2024 5:40:34 PM
20434,41,,Editorial Office of Acta Prataculturae Sinica,1/24/2024 5:40:34 PM
20451,41,,Entomological Society of America,1/24/2024 5:40:34 PM
20457,41,,Exeley Inc.,1/24/2024 5:40:34 PM
20461,41,,Florida Entomological Society,1/24/2024 5:40:34 PM
20477,41,,Georgia Entomological Society Inc.,1/24/2024 5:40:34 PM
20490,41,,Hunter College Center for Puerto Rican Studies,1/24/2024 5:40:34 PM
20493,41,,IEEE Computer Society,1/24/2024 5:40:34 PM
20500,41,,Indiana University,1/24/2024 5:40:34 PM
20519,41,,Int. Comm. of Agricultural and Biosystems Engineering,1/24/2024 5:40:34 PM
20525,41,,"International Conference on Information Systems, Logistics and Supply Chain",1/24/2024 5:40:34 PM
20531,41,,International Research and Training Center on Erosion and Sedimentation and China Water and Power Press,1/24/2024 5:40:34 PM
20532,41,,International Society for Environmental Information Sciences,1/24/2024 5:40:34 PM
20541,41,,IOS Press,1/24/2024 5:40:34 PM
20555,41,,KeAi Communications Co.,1/24/2024 5:40:34 PM
20557,41,,King Saud University,1/24/2024 5:40:34 PM
20560,41,,Korean Society for Atmospheric Environment,1/24/2024 5:40:34 PM
20570,41,,Michigan State University,1/24/2024 5:40:34 PM
20579,41,,National Shellfisheries Association,1/24/2024 5:40:34 PM
20585,41,,North Carolina State University,1/24/2024 5:40:34 PM
20591,41,,Ornithological Societies of North America,1/24/2024 5:40:34 PM
20593,41,,Page Press Publications,1/24/2024 5:40:34 PM
20599,41,,PeerJ Inc.,1/24/2024 5:40:34 PM
20601,41,,Plant Management Network,1/24/2024 5:40:34 PM
20615,41,,Research Information Ltd,1/24/2024 5:40:34 PM
20624,41,,Rutgers University Press,1/24/2024 5:40:34 PM
20641,41,,Society for Range Management,1/24/2024 5:40:34 PM
20643,41,,Society of Nematologists,1/24/2024 5:40:34 PM
20646,41,,Soil Science Society of America,1/24/2024 5:40:34 PM
20647,41,,Southern Appalachian Botanical Survey,1/24/2024 5:40:34 PM
20649,41,,Southwestern Entomological Society,1/24/2024 5:40:34 PM
20661,41,,Springer Singapore,1/24/2024 5:40:34 PM
20686,41,,Universidad Pontificia de Comillas,1/24/2024 5:40:34 PM
20705,41,,University of Arkansas Press,1/24/2024 5:40:34 PM
20713,41,,University of Illinois Press,1/24/2024 5:40:34 PM
20727,41,,University Press of Kentucky,1/24/2024 5:40:34 PM
20728,41,,US Bureau of Labor Statistics,1/24/2024 5:40:34 PM
20733,41,,Wageningen Academic Publishers,1/24/2024 5:40:34 PM
20737,41,,Westerdijk Fungal Biodiversity Institute,1/24/2024 5:40:34 PM
20743,41,,"Wiley-Blackwell Publishing, Inc.",1/24/2024 5:40:34 PM
20749,41,,World Scientific and Engineering Academy and Society,1/24/2024 5:40:34 PM
20750,41,,World Scientific Publishing Co.,1/24/2024 5:40:34 PM
47443,41,,ABC-CLIO,1/24/2024 5:40:34 PM
47445,41,,"Academic Enhancement Department, King Mongkut's University of Technology North Bangkok",1/24/2024 5:40:34 PM
47448,41,,Academic Publishing House Researcher,1/24/2024 5:40:34 PM
47449,41,,Academic Research Publishing Group,1/24/2024 5:40:34 PM
47450,41,,Academy of Business and Retail Management Research,1/24/2024 5:40:34 PM
47451,41,,Academy of Management,1/24/2024 5:40:34 PM
47452,41,,Academy of Medical Sciences of I.R. Iran,1/24/2024 5:40:34 PM
47453,41,,Adam Mickiewicz University Press,1/24/2024 5:40:34 PM
47454,41,,Adis,1/24/2024 5:40:34 PM
47455,41,,Adonis and Abbey Publishers Ltd,1/24/2024 5:40:34 PM
47456,41,,AESSRA,1/24/2024 5:40:34 PM
47458,41,,African Books Collective,1/24/2024 5:40:34 PM
47459,41,,African Scholarly Science Communications Trust (ASSCAT),1/24/2024 5:40:34 PM
47461,41,,Agri Bio Research Publishers,1/24/2024 5:40:34 PM
47463,41,,Agricultural Economics,1/24/2024 5:40:34 PM
47467,41,,"Agricultural Information Institute, Chinese Academy of Agricultural Sciences",1/24/2024 5:40:34 PM
47470,41,,Agriculture Faculty Brawijaya University,1/24/2024 5:40:34 PM
47471,41,,Agronomic Institute of Campinas,1/24/2024 5:40:34 PM
47472,41,,Agroscope,1/24/2024 5:40:34 PM
47473,41,,AIDI - Italian Association of Industrial Operations Professors,1/24/2024 5:40:34 PM
47475,41,,Air and Waste Management Association,1/24/2024 5:40:34 PM
47476,41,,Airlangga University Faculty of Public Health,1/24/2024 5:40:34 PM
47477,41,,Akademiai Kiado Rt.,1/24/2024 5:40:34 PM
47478,41,,Akademika Forlag,1/24/2024 5:40:34 PM
47479,41,,Akdeniz University Publishing House,1/24/2024 5:40:34 PM
47480,41,,"Alexandria University, Faculty of Tourism and Hotels",1/24/2024 5:40:34 PM
47482,41,,ALife Robotics Corporation Ltd,1/24/2024 5:40:34 PM
47487,41,,American Academy of Pediatric Dentistry,1/24/2024 5:40:34 PM
47489,41,,American Academy of Sleep Medicine,1/24/2024 5:40:34 PM
47491,41,,American Association for Clinical Chemistry Inc.,1/24/2024 5:40:34 PM
47492,41,,American Association for Public Opinion Research,1/24/2024 5:40:34 PM
47495,41,,American Association of Cereal Chemists,1/24/2024 5:40:34 PM
47498,41,,American Association of Textile Chemists and Colorists,1/24/2024 5:40:34 PM
47507,41,,American Heart Association Inc.,1/24/2024 5:40:34 PM
47508,41,,"American Institute of Aeronautics and Astronautics Inc, AIAA",1/24/2024 5:40:34 PM
47509,41,,American Institute of Mathematical Sciences,1/24/2024 5:40:34 PM
47511,41,,American Malacological Society,1/24/2024 5:40:34 PM
47512,41,,American Marketing Association,1/24/2024 5:40:34 PM
47515,41,,American Nurses Association,1/24/2024 5:40:34 PM
47517,41,,American Oil Chemists' Society,1/24/2024 5:40:34 PM
47519,41,,American Physiological Society,1/24/2024 5:40:34 PM
47521,41,,American Planning Association,1/24/2024 5:40:34 PM
47528,41,,American Society for Engineering Education,1/24/2024 5:40:34 PM
47530,41,,American Society for Enology and Viticulture,1/24/2024 5:40:34 PM
47533,41,,American Society for Nutrition,1/24/2024 5:40:34 PM
47543,41,,American Society of Tropical Medicine and Hygiene,1/24/2024 5:40:34 PM
47544,41,,American Society on Aging,1/24/2024 5:40:34 PM
47547,41,,American Statistical Association,1/24/2024 5:40:34 PM
47549,41,,AMG Transcend Association,1/24/2024 5:40:34 PM
47550,41,,Ankara University,1/24/2024 5:40:34 PM
47553,41,,ANPAD - Associacao Nacional de Pos-Graduacao e Pesquisa em Administracao,1/24/2024 5:40:34 PM
47554,41,,AOAC International,1/24/2024 5:40:34 PM
47555,41,,AOSIS (pty) Ltd,1/24/2024 5:40:34 PM
47556,41,,AOSIS OpenJournals Publishing AOSIS (Pty) Ltd,1/24/2024 5:40:34 PM
47557,41,,Apple Academic Press,1/24/2024 5:40:34 PM
47559,41,,Arab Society for Plant Protection,1/24/2024 5:40:34 PM
47560,41,,ARAN Ediciones S.A.,1/24/2024 5:40:34 PM
47561,41,,Archivos Latinoamericanos Nutricion,1/24/2024 5:40:34 PM
47562,41,,Arctic Institute of North America,1/24/2024 5:40:34 PM
47565,41,,Arquivos Brasileiros de Cardiologia,1/24/2024 5:40:34 PM
47570,41,,Asia-Pacific Applied Economics Association,1/24/2024 5:40:34 PM
47571,41,,Asia-Pacific Social Science Review,1/24/2024 5:40:34 PM
47572,41,,Asian Agricultural and Biological Engineering Association,1/24/2024 5:40:34 PM
47574,41,,Asian Journal of Agriculture and Biology,1/24/2024 5:40:34 PM
47575,41,,Asian Network for Scientific Information,1/24/2024 5:40:34 PM
47576,41,,Asian Research Publishing Network,1/24/2024 5:40:34 PM
47580,41,,Asociacion Espanola de Dietistas-Nutricionistas,1/24/2024 5:40:34 PM
47581,41,,Asociacion Interprofesional para el Desarrollo Agrario,1/24/2024 5:40:34 PM
47582,41,,"Assiut University, Faculty of Agriculture",1/24/2024 5:40:34 PM
47585,41,,Associacao Brasileira de Estudos Populacionais,1/24/2024 5:40:34 PM
47587,41,,Associacao Iberica de Sistemas e Tecnologias de Informacao,1/24/2024 5:40:34 PM
47588,41,,Associacao Nacional de Pos-Graduacao e Pesquisa em Ciencias Sociais - ANPOCS,1/24/2024 5:40:34 PM
47589,41,,Associated Management Consultants Pvt. Ltd.,1/24/2024 5:40:34 PM
47593,41,,Association for Information Systems,1/24/2024 5:40:34 PM
47594,41,,Association for the Advancement of Artificial Intelligence,1/24/2024 5:40:34 PM
47595,41,,Association of Agricultural Technology in Southeast Asia,1/24/2024 5:40:34 PM
47597,41,,ASTM International,1/24/2024 5:40:34 PM
47598,41,,Atlantis Press International,1/24/2024 5:40:34 PM
47599,41,,Australasian College of Health Service Management,1/24/2024 5:40:34 PM
47600,41,,Australian Anthropological Society,1/24/2024 5:40:34 PM
47601,41,,Australian Bureau of Agricultural and Resource Economics,1/24/2024 5:40:34 PM
47603,41,,AZTI-Tecnalia,1/24/2024 5:40:34 PM
47604,41,,Babol University of Medical Sciences,1/24/2024 5:40:34 PM
47605,41,,Banco de la Republica,1/24/2024 5:40:34 PM
47606,41,,Begell House Inc.,1/24/2024 5:40:34 PM
47609,41,,"Benha University, Faculty of Medicine",1/24/2024 5:40:34 PM
47611,41,,Bentham Science Publishers B.V.,1/24/2024 5:40:34 PM
47612,41,,Berghahn Books,1/24/2024 5:40:34 PM
47613,41,,Better Advances Press,1/24/2024 5:40:34 PM
47618,41,,BioScientifica Ltd.,1/24/2024 5:40:34 PM
47619,41,,Blackwell Munksgaard,1/24/2024 5:40:34 PM
47627,41,,Borsa Istanbul Anonim Sirketi,1/24/2024 5:40:34 PM
47628,41,,Boston University Law Review,1/24/2024 5:40:34 PM
47629,41,,Brawijaya University,1/24/2024 5:40:34 PM
47630,41,,Brazilain Coll Veterinary Parasitology,1/24/2024 5:40:34 PM
47632,41,,Brazilian Society of Plant Breeding,1/24/2024 5:40:34 PM
47633,41,,Brill,1/24/2024 5:40:34 PM
47635,41,,Brill Nijhoff,1/24/2024 5:40:34 PM
47637,41,,British Editorial Society of Bone and Joint Surgery,1/24/2024 5:40:34 PM
47638,41,,Brookings Institution Press,1/24/2024 5:40:34 PM
47639,41,,Budapest Tech Polytechnical Institution,1/24/2024 5:40:34 PM
47642,41,,"CAD Solutions, LLC",1/24/2024 5:40:34 PM
47643,41,,"Cairo University, Faculty of Agriculture",1/24/2024 5:40:34 PM
47645,41,,Canadian Biosystems Engineering,1/24/2024 5:40:34 PM
47649,41,,Canadian Public Health Association,1/24/2024 5:40:34 PM
47651,41,,Canadian Society for Civil Engineering,1/24/2024 5:40:34 PM
47652,41,,Canadian Society for Studies in Higher Education,1/24/2024 5:40:34 PM
47654,41,,Catholic University of America,1/24/2024 5:40:34 PM
47655,41,,Cato Institute,1/24/2024 5:40:34 PM
47656,41,,CEDDAR,1/24/2024 5:40:34 PM
47657,41,,Cell Press,1/24/2024 5:40:34 PM
47658,41,,Centenary University,1/24/2024 5:40:34 PM
47659,41,,Center for Academic Publications Japan,1/24/2024 5:40:34 PM
47663,41,,Center for the Blue Economy,1/24/2024 5:40:34 PM
47666,41,,Central University of Finance and Economics,1/24/2024 5:40:34 PM
47669,41,,Centro Interamericano de Investigaciones Psicologicas y Ciencias Afines,1/24/2024 5:40:34 PM
47672,41,,CEUR-WS,1/24/2024 5:40:34 PM
47673,41,,Cevkor Vakfi,1/24/2024 5:40:34 PM
47674,41,,Chamber of Textile Engineers,1/24/2024 5:40:34 PM
47675,41,,Chartered Inst. of Building Services Engineers,1/24/2024 5:40:34 PM
47676,41,,Chelonian Research Foundation,1/24/2024 5:40:34 PM
47677,41,,Chemistry and Environmental Health Egyptian Association (CEHEA),1/24/2024 5:40:34 PM
47678,41,,China Agricultural University,1/24/2024 5:40:34 PM
47680,41,,Chinese Academy of Agricultural Sciences,1/24/2024 5:40:34 PM
47682,41,,Chinese Chamber of Commerce,1/24/2024 5:40:34 PM
47685,41,,Chulalongkorn University Printing House,1/24/2024 5:40:34 PM
47687,41,,City University of Hong Kong Press,1/24/2024 5:40:34 PM
47688,41,,Cleveland Clinic Educational Foundation,1/24/2024 5:40:34 PM
47689,41,,Co-Action Publishing,1/24/2024 5:40:34 PM
47690,41,,Coastal Education Research Foundation Inc.,1/24/2024 5:40:34 PM
47691,41,,Cogent OA,1/24/2024 5:40:34 PM
47692,41,,"Colegio de Mexico, A.C., Departamento de Publicaciones",1/24/2024 5:40:34 PM
47693,41,,Colegio de Postgraduados,1/24/2024 5:40:34 PM
47695,41,,College of American Pathologists,1/24/2024 5:40:34 PM
47697,41,,Columbia Law Review Association,1/24/2024 5:40:34 PM
47698,41,,Common Ground Research Networks,1/24/2024 5:40:34 PM
47700,41,,Compuscript Ltd,1/24/2024 5:40:34 PM
47701,41,,Computers and Industrial Engineering,1/24/2024 5:40:34 PM
47702,41,,Connect Journal,1/24/2024 5:40:34 PM
47703,41,,Conscientia Beam,1/24/2024 5:40:34 PM
47705,41,,Consiglio per la Ricercame la sperimentazione in Agrcoltura,1/24/2024 5:40:34 PM
47706,41,,Consulting and Training Center - KEY,1/24/2024 5:40:34 PM
47708,41,,Copernicus Publications,1/24/2024 5:40:34 PM
47709,41,,Cornell University Press,1/24/2024 5:40:34 PM
47712,41,,Cosmos Scholars Publishing House,1/24/2024 5:40:34 PM
47715,41,,Croatian Veterinary Institute,1/24/2024 5:40:34 PM
47719,41,,Curran Associates Inc.,1/24/2024 5:40:34 PM
47720,41,,Current Medicine Group LLC 1,1/24/2024 5:40:34 PM
47721,41,,Current Science Inc.,1/24/2024 5:40:34 PM
47723,41,,Czech University of Life Sciences Prague,1/24/2024 5:40:34 PM
47724,41,,Dares,1/24/2024 5:40:34 PM
47725,41,,DAV College,1/24/2024 5:40:34 PM
47729,41,,Delaware Academy of Medicine,1/24/2024 5:40:34 PM
47730,41,,Departamento de Engenharia Agricola - UFCG/Cnpq,1/24/2024 5:40:34 PM
47732,41,,Department of Health and Human Services,1/24/2024 5:40:34 PM
47733,41,,Department of Science and Technology,1/24/2024 5:40:34 PM
47734,41,,Department of Zoology and Environmental Sciences,1/24/2024 5:40:34 PM
47735,41,,DEStech Publications Inc.,1/24/2024 5:40:34 PM
47737,41,,Dietitians of Canada,1/24/2024 5:40:34 PM
47738,41,,Dime University of Genoa,1/24/2024 5:40:34 PM
47739,41,,"Dorothy A. Johnson Center for Philanthropy, Grand Valley State University",1/24/2024 5:40:34 PM
47740,41,,Dove Medical Press Ltd,1/24/2024 5:40:34 PM
47741,41,,Dr. Dietrich Steinkopff Verlag GmbH and Co. KG,1/24/2024 5:40:34 PM
47742,41,,Druckerei und Verlag Liddy Halm,1/24/2024 5:40:34 PM
47743,41,,Duisburg-Essen University,1/24/2024 5:40:34 PM
47744,41,,Duke University Press,1/24/2024 5:40:34 PM
47746,41,,Dustri-Verlag Dr. Karl Feistle,1/24/2024 5:40:34 PM
47747,41,,E-flow Sciendo,1/24/2024 5:40:34 PM
47748,41,,E-Journal of Geotechnical Engineering,1/24/2024 5:40:34 PM
47749,41,,Ecole des Hautes Etudes Commerciales,1/24/2024 5:40:34 PM
47752,41,,Ecological Society of China,1/24/2024 5:40:34 PM
47754,41,,Econjournals,1/24/2024 5:40:34 PM
47759,41,,"Ediciones Doyma, S.L.",1/24/2024 5:40:34 PM
47760,41,,Editions Dalloz Sirey,1/24/2024 5:40:34 PM
47761,41,,Editions Harmattan,1/24/2024 5:40:34 PM
47762,41,,Editora UFLA,1/24/2024 5:40:34 PM
47763,41,,Editorial Board of Chinese Journal of Agrometeorology,1/24/2024 5:40:34 PM
47764,41,,Editorial board of Journal of Experimental Biology and Agricultural Sciences,1/24/2024 5:40:34 PM
47765,41,,"Editorial Board, Research of Environmental Sciences",1/24/2024 5:40:34 PM
47766,41,,Editorial Ciencias Medicas,1/24/2024 5:40:34 PM
47767,41,,Editorial Department of Scientia Agricultura Sinica,1/24/2024 5:40:34 PM
47768,41,,"Editorial Department, Chinese Cereals and Oils Association",1/24/2024 5:40:34 PM
47770,41,,Editorial Office of Chinese Journal of Food Hygiene,1/24/2024 5:40:34 PM
47771,41,,Editorial Office of Tobacco Science and Technology,1/24/2024 5:40:34 PM
47772,41,,Editura ASE Bucuresti,1/24/2024 5:40:34 PM
47773,41,,Editura Cefin,1/24/2024 5:40:34 PM
47774,41,,Editura Universitatii din Oradea,1/24/2024 5:40:34 PM
47775,41,,Edizioni Minerva Medica,1/24/2024 5:40:34 PM
47778,41,,Eduem - Editora da Universidade Estadual de Maringa,1/24/2024 5:40:34 PM
47779,41,,EduRad,1/24/2024 5:40:34 PM
47781,41,,Eesti Pollumajandusulikool,1/24/2024 5:40:34 PM
47782,41,,Egyptian Geographical Society,1/24/2024 5:40:34 PM
47783,41,,Egyptian Phytopathological Society (EPS),1/24/2024 5:40:34 PM
47785,41,,Electromagnetics Academy,1/24/2024 5:40:34 PM
47794,41,,Elsevier Masson SAS,1/24/2024 5:40:34 PM
47799,41,,Emerald Publishing,1/24/2024 5:40:34 PM
47801,41,,Endocrine Society,1/24/2024 5:40:34 PM
47802,41,,"Engage Healthcare Communications, Inc.",1/24/2024 5:40:34 PM
47804,41,,Entomological Society of Southern Africa,1/24/2024 5:40:34 PM
47806,41,,Enviro Research Publishers,1/24/2024 5:40:34 PM
47808,41,,Enviroquest Ltd,1/24/2024 5:40:34 PM
47809,41,,eScholarship,1/24/2024 5:40:34 PM
47810,41,,EScience Press,1/24/2024 5:40:34 PM
47813,41,,"Ethnicity and Disease, Inc.",1/24/2024 5:40:34 PM
47814,41,,Euro-American Association of Economic Development Studies,1/24/2024 5:40:34 PM
47815,41,,European Association of Geographers,1/24/2024 5:40:34 PM
47817,41,,European Regional Science Association,1/24/2024 5:40:34 PM
47819,41,,ExcelingTech,1/24/2024 5:40:34 PM
47822,41,,F1000 Research Ltd,1/24/2024 5:40:34 PM
47823,41,,Fabrizio Serra Editore,1/24/2024 5:40:34 PM
47824,41,,"Faculty of Agriculture, Ain-Shams University",1/24/2024 5:40:34 PM
47825,41,,Faculty of Economics and Management,1/24/2024 5:40:34 PM
47826,41,,"Faculty of Nursing, Universitas Airlangga",1/24/2024 5:40:34 PM
47827,41,,"Faculty of Pharmacy, University of Benin",1/24/2024 5:40:34 PM
47828,41,,Farm Machinery Industrial Research Corp.,1/24/2024 5:40:34 PM
47829,41,,"Fayoum University, Faculty of Medicine",1/24/2024 5:40:34 PM
47830,41,,Federacion Espanola de Sociologia,1/24/2024 5:40:34 PM
47832,41,,Fintech Aliance LLC,1/24/2024 5:40:34 PM
47835,41,,Food and Drug Law Institute,1/24/2024 5:40:34 PM
47839,41,,Friends Science Publishers,1/24/2024 5:40:34 PM
47840,41,,Frontiers in Bioscience,1/24/2024 5:40:34 PM
47843,41,,Frontiers Media SA,1/24/2024 5:40:34 PM
47844,41,,Frontiers Research Foundation,1/24/2024 5:40:34 PM
47845,41,,Frontline Medical Communications Inc,1/24/2024 5:40:34 PM
47846,41,,Fundacao de Pesquisas Cientificas de Ribeirao Preto,1/24/2024 5:40:34 PM
47847,41,,Fundacao Getulio Vargas,1/24/2024 5:40:34 PM
47849,41,,Fundacao UNI Botucatu/UNESP,1/24/2024 5:40:34 PM
47852,41,,Gadjah Mada University,1/24/2024 5:40:34 PM
47853,41,,Gamma Theta Upsilon,1/24/2024 5:40:34 PM
47856,41,,Geographical Society of Finland,1/24/2024 5:40:34 PM
47859,41,,Geological Society of America,1/24/2024 5:40:34 PM
47861,41,,Georgetown Law Journal Association,1/24/2024 5:40:34 PM
47863,41,,German Multidisciplinary Publishing Center,1/24/2024 5:40:34 PM
47865,41,,Ghana Medical Association,1/24/2024 5:40:34 PM
47867,41,,Gifu University - United Graduate School of Agricultural Science,1/24/2024 5:40:34 PM
47868,41,,GJESM Publication,1/24/2024 5:40:34 PM
47870,41,,GORGAN UNIV AGRICULTURAL SCIENCES AND NATURAL RESOURCES,1/24/2024 5:40:34 PM
47871,41,,Gorgan University of Agricultural Sciences and Natural Resources,1/24/2024 5:40:34 PM
47872,41,,"Greater Mekong Subregion Academic and Research Network, Asian Institute of Technology",1/24/2024 5:40:34 PM
47875,41,,Grupo Aula Medica S.A.,1/24/2024 5:40:34 PM
47876,41,,Gyandhara International Academic Publications,1/24/2024 5:40:34 PM
47877,41,,HACCP Consulting,1/24/2024 5:40:34 PM
47878,41,,Harvard University Law School,1/24/2024 5:40:34 PM
47879,41,,Hashemite University,1/24/2024 5:40:34 PM
47880,41,,Health and Medical Publishing Group,1/24/2024 5:40:34 PM
47881,41,,HEC Press,1/24/2024 5:40:34 PM
47882,41,,Hellenic Association of Regional Scientists,1/24/2024 5:40:34 PM
47883,41,,Heran,1/24/2024 5:40:34 PM
47884,41,,Herpetologist's League Inc.,1/24/2024 5:40:34 PM
47885,41,,Higher Education Press,1/24/2024 5:40:34 PM
47893,41,,Hungarian Central Statistical Office,1/24/2024 5:40:34 PM
47896,41,,ICE Publishing,1/24/2024 5:40:34 PM
47899,41,,IEOM Society,1/24/2024 5:40:34 PM
47900,41,,IGI Global,1/24/2024 5:40:34 PM
47902,41,,IM Publications Open LLP,1/24/2024 5:40:34 PM
47907,41,,Indian journals,1/24/2024 5:40:34 PM
47911,41,,Indian Veterinary Assocaition,1/24/2024 5:40:34 PM
47913,41,,Indiana University Press,1/24/2024 5:40:34 PM
47914,41,,Indiana University School of Social Work,1/24/2024 5:40:34 PM
47916,41,,INFORMS Inst.for Operations Res.and the Management Sciences,1/24/2024 5:40:34 PM
47918,41,,Innovare Academics Sciences Pvt. Ltd,1/24/2024 5:40:34 PM
47919,41,,INRAE Clermont-Ferrand - Auvergne - Rhone-Alpes,1/24/2024 5:40:34 PM
47920,41,,INSA Lyon,1/24/2024 5:40:34 PM
47921,41,,Insight Society,1/24/2024 5:40:34 PM
47922,41,,Institut National de la Recherche Agronomique,1/24/2024 5:40:34 PM
47923,41,,Institut National de la Statistique et des Etudes Economiques,1/24/2024 5:40:34 PM
47925,41,,Institute for Ionics,1/24/2024 5:40:34 PM
47927,41,,Institute For Spatial Planning And Environment Research,1/24/2024 5:40:34 PM
47928,41,,Institute of Advanced Engineering and Science,1/24/2024 5:40:34 PM
47934,41,,Institute of Eastern European Research and Consulting,1/24/2024 5:40:34 PM
47935,41,,Institute of Economic Research,1/24/2024 5:40:34 PM
47936,41,,Institute of Electrical and Electronics Engineers,1/24/2024 5:40:34 PM
47938,41,,"Institute of Industrial and Systems Engineers, IISE",1/24/2024 5:40:34 PM
47944,41,,Institute of Plant Protection – National Research Institute,1/24/2024 5:40:34 PM
47945,41,,Institute of Public Administration of Canada,1/24/2024 5:40:34 PM
47946,41,,Institution of Chemical Engineers,1/24/2024 5:40:34 PM
47947,41,,Institution of Engineering and Technology,1/24/2024 5:40:34 PM
47948,41,,Instituto Brasileiro de Petroleo,1/24/2024 5:40:34 PM
47949,41,,Instituto de Estudos Avancados da Universidade de Sao Paulo,1/24/2024 5:40:34 PM
47951,41,,"Instituto de Investigaciones Agropecuarias, INIA",1/24/2024 5:40:34 PM
47952,41,,Instituto de Investigaciones Dr. Jose Maria Luis Mora,1/24/2024 5:40:34 PM
47953,41,,Instituto de Pesquisas Economicas da FEA-USP,1/24/2024 5:40:34 PM
47954,41,,Instituto Nacional de Investigación y Tecnología Agraria y Alimentaria (CSIC-INIA),1/24/2024 5:40:34 PM
47955,41,,Instituto Nacional de Salud,1/24/2024 5:40:34 PM
47956,41,,Instituto Nacional de Salud Publica,1/24/2024 5:40:34 PM
47957,41,,Instituto Politecnico Nacional,1/24/2024 5:40:34 PM
47959,41,,Intellect Ltd.,1/24/2024 5:40:34 PM
47961,41,,International Academy of Global Business and Trade,1/24/2024 5:40:34 PM
47962,41,,International Association for Energy Economics,1/24/2024 5:40:34 PM
47964,41,,International Association for Hydro-Environment Engineering and Research (IAHR),1/24/2024 5:40:34 PM
47965,41,,"International Association for Hydrogen Energy, IAHE",1/24/2024 5:40:34 PM
47966,41,,International Association of Astacology,1/24/2024 5:40:34 PM
47967,41,,International Association of Great Lakes Research,1/24/2024 5:40:34 PM
47968,41,,International Association of Hospitality Financial Management Educators,1/24/2024 5:40:34 PM
47971,41,,International Forum of Management Scholars,1/24/2024 5:40:34 PM
47972,41,,International Hellenic University,1/24/2024 5:40:34 PM
47973,41,,International Information and Engineering Technology Association,1/24/2024 5:40:34 PM
47974,41,,International Information Institute Ltd.,1/24/2024 5:40:34 PM
47975,41,,International Institute for General Systems Studies,1/24/2024 5:40:34 PM
47977,41,,International Measurement Confederation (IMEKO),1/24/2024 5:40:34 PM
47978,41,,International Microsimulation Association,1/24/2024 5:40:34 PM
47983,41,,International Society of Arboriculture,1/24/2024 5:40:34 PM
47984,41,,International University of Sarajevo,1/24/2024 5:40:34 PM
47985,41,,International Viticulture and Enology Society,1/24/2024 5:40:34 PM
47991,41,,Iowa State University Digital Press,1/24/2024 5:40:34 PM
47992,41,,Iran University of Medical Sciences,1/24/2024 5:40:34 PM
47993,41,,Iranian Epidemiological Association,1/24/2024 5:40:34 PM
47994,41,,Iranian Journal of Public Health,1/24/2024 5:40:34 PM
47996,41,,Isfahan University of Medical Sciences(IUMS),1/24/2024 5:40:34 PM
47998,41,,"Islamic Azad University, Rasht Branch",1/24/2024 5:40:34 PM
47999,41,,Island Press-Center for Resource Economics,1/24/2024 5:40:34 PM
48000,41,,ISTES,1/24/2024 5:40:34 PM
48001,41,,Istituto agronomico per l'Oltremare,1/24/2024 5:40:34 PM
48002,41,,Istituto Agronomico per l'Oltremare di Firenze,1/24/2024 5:40:34 PM
48003,41,,Istituto Superiore di Sanita,1/24/2024 5:40:34 PM
48004,41,,Ital Publication,1/24/2024 5:40:34 PM
48006,41,,Italian Physical Society,1/24/2024 5:40:34 PM
48007,41,,Ivanovo State University Publishing,1/24/2024 5:40:34 PM
48012,41,,Japan International Research Center for Agricultural Sciences,1/24/2024 5:40:34 PM
48016,41,,Japanese Society of Allergology,1/24/2024 5:40:34 PM
48018,41,,Johar Education Society Pakistan,1/24/2024 5:40:34 PM
48022,41,,John Wiley and Sons Ltd.,1/24/2024 5:40:34 PM
48024,41,,Journal of Agriculture and Rural Development in the Tropics and Subtropics (JARTS),1/24/2024 5:40:34 PM
48025,41,,Journal of Chinese Agricultural Mechanization Editorial Office,1/24/2024 5:40:34 PM
48026,41,,Journal of Visualized Experiments,1/24/2024 5:40:34 PM
48027,41,,Julius Beltz GmbH,1/24/2024 5:40:34 PM
48028,41,,Jungseok Research Institute of International Logistics and Trade,1/24/2024 5:40:34 PM
48029,41,,Kamala-Raj Enterprises,1/24/2024 5:40:34 PM
48030,41,,Kamla-Raj Enterprises,1/24/2024 5:40:34 PM
48032,41,,Kasetsart University,1/24/2024 5:40:34 PM
48035,41,,Kemerovo State University,1/24/2024 5:40:34 PM
48037,41,,Kerala Forestry Research Institute,1/24/2024 5:40:34 PM
48038,41,,Kerman University of Medical Sciences,1/24/2024 5:40:34 PM
48043,41,,Korea Institute of Ocean Science and Technology,1/24/2024 5:40:34 PM
48044,41,,"Korean Association of Shipping and Logistics, Inc.",1/24/2024 5:40:34 PM
48045,41,,Korean Nutrition Society,1/24/2024 5:40:34 PM
48047,41,,Korean Society for Food Science of Animal Resources,1/24/2024 5:40:34 PM
48048,41,,Korean Society for Horticultural Science,1/24/2024 5:40:34 PM
48049,41,,Korean Society for Preventive Medicine,1/24/2024 5:40:34 PM
48050,41,,Korean Society of Animal Sciences and Technology,1/24/2024 5:40:34 PM
48051,41,,Korean Society of Breeding Science,1/24/2024 5:40:34 PM
48052,41,,Korean Society of Crop Science,1/24/2024 5:40:34 PM
48053,41,,Korean Society of Food Science and Nutrition,1/24/2024 5:40:34 PM
48054,41,,Korean Society of Medicinal Crop Science,1/24/2024 5:40:34 PM
48055,41,,Korean Society of Plant Pathology,1/24/2024 5:40:34 PM
48056,41,,Kowsar Medical Institute,1/24/2024 5:40:34 PM
48057,41,,Kyushu University,1/24/2024 5:40:34 PM
48058,41,,Lahore Medical And Dental College,1/24/2024 5:40:34 PM
48059,41,,Lancet Publishing Group,1/24/2024 5:40:34 PM
48060,41,,Landwirtschaftverlag Gmbh,1/24/2024 5:40:34 PM
48061,41,,Latvia University of Agriculture,1/24/2024 5:40:34 PM
48063,41,,Lifescience Global,1/24/2024 5:40:34 PM
48065,41,,Listy Cukrovarnicke a Reparske,1/24/2024 5:40:34 PM
48066,41,,LLC CPC Business Perspectives,1/24/2024 5:40:34 PM
48067,41,,Locke Science Publishing Company Inc.,1/24/2024 5:40:34 PM
48068,41,,Lodz University,1/24/2024 5:40:34 PM
48070,41,,Longwoods Publishing Corp.,1/24/2024 5:40:34 PM
48071,41,,Luciano Editore,1/24/2024 5:40:34 PM
48072,41,,Lundiana,1/24/2024 5:40:34 PM
48073,41,,"Makerere University, Medical School",1/24/2024 5:40:34 PM
48074,41,,Malaysian Consumer and Family Economics Association,1/24/2024 5:40:34 PM
48075,41,,Malaysian Institute Of Planners,1/24/2024 5:40:34 PM
48076,41,,Malaysian Journal of Nutrition,1/24/2024 5:40:34 PM
48077,41,,Malaysian Public Health Physicians Association,1/24/2024 5:40:34 PM
48079,41,,Malque Publishing,1/24/2024 5:40:34 PM
48080,41,,Mammalogical Society of Japan,1/24/2024 5:40:34 PM
48082,41,,Masaryk University,1/24/2024 5:40:34 PM
48083,41,,Mashhad University of Medical Sciences,1/24/2024 5:40:34 PM
48085,41,,Materials and Energy Research Center,1/24/2024 5:40:34 PM
48086,41,,Mattioli 1885,1/24/2024 5:40:34 PM
48087,41,,Max Planck Institute for Demographic Research,1/24/2024 5:40:34 PM
48088,41,,Mazandaran University of Medical Sciences,1/24/2024 5:40:34 PM
48092,41,,Medical Association of Zenica-Doboj Canton,1/24/2024 5:40:34 PM
48093,41,,Medical Society of the State of North Carolina,1/24/2024 5:40:34 PM
48094,41,,Medico e Bambino,1/24/2024 5:40:34 PM
48097,41,,Medwell Journals,1/24/2024 5:40:34 PM
48098,41,,Men's Studies Press,1/24/2024 5:40:34 PM
48099,41,,Mendel University of Agriculture and Forestry Brno,1/24/2024 5:40:34 PM
48100,41,,"Menoufia University, Faculty of Agriculture",1/24/2024 5:40:34 PM
48101,41,,Mexican Society of Soil Science,1/24/2024 5:40:34 PM
48104,41,,Microbiology Society,1/24/2024 5:40:34 PM
48105,41,,Midwest Public Affairs Conference,1/24/2024 5:40:34 PM
48107,41,,Ministry of Health,1/24/2024 5:40:34 PM
48109,41,,ML Research Press,1/24/2024 5:40:34 PM
48111,41,,Multidisciplinary Digital Publishing Institute (MDPI),1/24/2024 5:40:34 PM
48112,41,,Mykolo Romerio Universitetas,1/24/2024 5:40:34 PM
48114,41,,Namik Kemal University - Agricultural Faculty,1/24/2024 5:40:34 PM
48115,41,,Nan Yang Academy of Sciences Pte. Ltd,1/24/2024 5:40:34 PM
48116,41,,Nanjing Forestry University,1/24/2024 5:40:34 PM
48119,41,,"National Association of Biology Teachers, Inc",1/24/2024 5:40:34 PM
48121,41,,National Bureau of Asian Research,1/24/2024 5:40:34 PM
48122,41,,National Council of Teachers of English,1/24/2024 5:40:34 PM
48123,41,,National Environmental Health Association,1/24/2024 5:40:34 PM
48124,41,,National Fisheries Research and Development Institute,1/24/2024 5:40:34 PM
48125,41,,National Institute of Science Communication and Information Resources (NISCAIR),1/24/2024 5:40:34 PM
48127,41,,National Nutrition and Food Technology Research Institute,1/24/2024 5:40:34 PM
48128,41,,National Research Council,1/24/2024 5:40:34 PM
48129,41,,National Rural Education Association,1/24/2024 5:40:34 PM
48135,41,,New York University Law Review,1/24/2024 5:40:34 PM
48136,41,,New Zealand Plant Protection Society,1/24/2024 5:40:34 PM
48137,41,,Nexus Academic Publishers,1/24/2024 5:40:34 PM
48138,41,,Nicolaus Copernicus University,1/24/2024 5:40:34 PM
48142,41,,North American Business Press,1/24/2024 5:40:34 PM
48144,41,,North University of Baia Mare,1/24/2024 5:40:34 PM
48145,41,,Nova Science Publisher Inc.,1/24/2024 5:40:34 PM
48148,41,,Ochsner Clinic,1/24/2024 5:40:34 PM
48149,41,,October University for Modern Sciences and Arts,1/24/2024 5:40:34 PM
48150,41,,Oekom - Gesellschaft fuer Oekologische Kommunikation mbH,1/24/2024 5:40:34 PM
48151,41,,OGA-Osterreichische Gesellschaft fur Agrarokonomie,1/24/2024 5:40:34 PM
48155,41,,Operations and Supply Chain Management Forum,1/24/2024 5:40:34 PM
48156,41,,Oregon Historical Society,1/24/2024 5:40:34 PM
48157,41,,"Organising Committee of the 10th European Conference on Precision Livestock Farming (ECPLF), University of Veterinary Medicine Vienna",1/24/2024 5:40:34 PM
48158,41,,"Organising Committee of the 9th European Conference on Precision Livestock Farming (ECPLF), Teagasc, Animal and Grassland Research and Innovation Centre",1/24/2024 5:40:34 PM
48159,41,,Organization Development Institute,1/24/2024 5:40:34 PM
48161,41,,Otjivanda Presse.Bochum,1/24/2024 5:40:34 PM
48165,41,,Pakistan Botanical Society,1/24/2024 5:40:34 PM
48170,41,,Pan Arab League of Continuous Medical Education,1/24/2024 5:40:34 PM
48171,41,,Pan Stanford Publishing Pte. Ltd.,1/24/2024 5:40:34 PM
48172,41,,Paris Scholar Publishing,1/24/2024 5:40:34 PM
48174,41,,Paulus Editora,1/24/2024 5:40:34 PM
48175,41,,Peace and Conflict Studies,1/24/2024 5:40:34 PM
48178,41,,Penerbit Universiti Sains Malaysia,1/24/2024 5:40:34 PM
48179,41,,Penn State University Press,1/24/2024 5:40:34 PM
48181,41,,Peter Lang AG,1/24/2024 5:40:34 PM
48182,41,,Pharmainfo Publications,1/24/2024 5:40:34 PM
48183,41,,PHARMAKON-Press,1/24/2024 5:40:34 PM
48184,41,,Plant Archives,1/24/2024 5:40:34 PM
48188,41,,Pluto Journals,1/24/2024 5:40:34 PM
48190,41,,Policy Press,1/24/2024 5:40:34 PM
48191,41,,Policy Studies Organization,1/24/2024 5:40:34 PM
48192,41,,Polish Academy of Sciences Publishing House,1/24/2024 5:40:34 PM
48193,41,,Polish Academy Sciences. Institute of Animal Reproduction and Food Research,1/24/2024 5:40:34 PM
48194,41,,Polish Botanical Society,1/24/2024 5:40:34 PM
48195,41,,Polskie Towarzystwo Technologow Zywnosci Wydawnictwo Naukowe PTTZ,1/24/2024 5:40:34 PM
48196,41,,"Pontificia Universidad Catolica de Chile, Facultad de Agronomia e Ingenieria Forestal",1/24/2024 5:40:34 PM
48197,41,,Pontificia Universidad Javeriana,1/24/2024 5:40:34 PM
48200,41,,Practical Action Publishing,1/24/2024 5:40:34 PM
48201,41,,Presse Dienstleistungsgesellschaft mbH und Co. KG,1/24/2024 5:40:34 PM
48202,41,,Presses de Sciences Po,1/24/2024 5:40:34 PM
48204,41,,Princeton University,1/24/2024 5:40:34 PM
48207,41,,Public Health Agency of Canada,1/24/2024 5:40:34 PM
48210,41,,Publish-Ing in cooperation with TIB - Leibniz Information Centre for Science and Technology University Library,1/24/2024 5:40:34 PM
48211,41,,Publishing House of the Higher School of Economics,1/24/2024 5:40:34 PM
48213,41,,"Purdue University, Department of Agricultural Economics",1/24/2024 5:40:34 PM
48214,41,,Raymundo Martinez Pena,1/24/2024 5:40:34 PM
48215,41,,Regional Euro-Asian Biological Invasions Centre,1/24/2024 5:40:34 PM
48216,41,,Regional Science Association of Subotica (Drustvo za Regionalne Nauke),1/24/2024 5:40:34 PM
48217,41,,Research and Development Center for Marine and Fisheries Product Processing and Biotechnology,1/24/2024 5:40:34 PM
48218,41,,"Research Centre in Public Administration and Public Services,cademy of Economic Studies, Bucharest, Romania",1/24/2024 5:40:34 PM
48220,41,,Research Institute of Asian Women,1/24/2024 5:40:34 PM
48225,41,,Revista de Nutricao,1/24/2024 5:40:34 PM
48226,41,,Revista Espacios,1/24/2024 5:40:34 PM
48227,41,,River Publishers,1/24/2024 5:40:34 PM
48231,41,,Royal Society,1/24/2024 5:40:34 PM
48232,41,,Royal Society of Chemistry,1/24/2024 5:40:34 PM
48235,41,,Rushing Water Publishers Ltd.,1/24/2024 5:40:34 PM
48237,41,,Russian Academy of Agricultural Sciences,1/24/2024 5:40:34 PM
48240,41,,Rutgers Business School,1/24/2024 5:40:34 PM
48242,41,,Rynnye Lyan Resources,1/24/2024 5:40:34 PM
48245,41,,Sage Publications India Pvt. Ltd,1/24/2024 5:40:34 PM
48247,41,,San Diego State University,1/24/2024 5:40:34 PM
48248,41,,"School of Medicine, Universitas Syiah Kuala",1/24/2024 5:40:34 PM
48249,41,,Scibulcom Ltd.,1/24/2024 5:40:34 PM
48250,41,,Sciedu Press,1/24/2024 5:40:34 PM
48251,41,,Science and Engineering Research Support Society,1/24/2024 5:40:34 PM
48252,41,,"Science and Technology Publications, Lda",1/24/2024 5:40:34 PM
48255,41,,Science Press (China),1/24/2024 5:40:34 PM
48256,41,,Scienceline Publication,1/24/2024 5:40:34 PM
48259,41,,SciTePress,1/24/2024 5:40:34 PM
48261,41,,Semnan University of Medical Sciences,1/24/2024 5:40:34 PM
48262,41,,Seoul National University - Institute for Peace and Unification Studies,1/24/2024 5:40:34 PM
48263,41,,Serbian Society of Heat Transfer Engineers,1/24/2024 5:40:34 PM
48264,41,,Serdi-Editions,1/24/2024 5:40:34 PM
48266,41,,Seventh Sense Research Group,1/24/2024 5:40:34 PM
48267,41,,Shaheed Beheshti University of Medical Sciences and Health Services,1/24/2024 5:40:34 PM
48268,41,,Shahid Sadoughi University of Medical Sciences,1/24/2024 5:40:34 PM
48269,41,,Shiraz University,1/24/2024 5:40:34 PM
48270,41,,Shriaz University of Medical Sciences,1/24/2024 5:40:34 PM
48271,41,,SISEF - Italian Society of Silviculture and Forest Ecology,1/24/2024 5:40:34 PM
48273,41,,Slovak University of Agriculture,1/24/2024 5:40:34 PM
48274,41,,Sociedad Chilena de la Ciencia del Suelo,1/24/2024 5:40:34 PM
48275,41,,Sociedad Chilena de Nutricion Bromatologia y Toxilogica,1/24/2024 5:40:34 PM
48276,41,,Sociedad Chilena de Pediatria,1/24/2024 5:40:34 PM
48277,41,,Sociedad Espanola de Nutricion Comunitaria,1/24/2024 5:40:34 PM
48278,41,,Sociedad Iberoamericana de Informacion Cientifica,1/24/2024 5:40:34 PM
48280,41,,Sociedade Brasileira da Ciencia das Plantas Daninha,1/24/2024 5:40:34 PM
48281,41,,"Sociedade Brasileira de Ciencia e Tecnologia de Alimentos, SBCTA",1/24/2024 5:40:34 PM
48283,41,,Sociedade Brasileira de Engenharia Agricola,1/24/2024 5:40:34 PM
48284,41,,Sociedade Brasileira De Entomologia,1/24/2024 5:40:34 PM
48285,41,,Sociedade Brasileira de Fruticultura,1/24/2024 5:40:34 PM
48287,41,,Sociedade de Olericultura do Brasil,1/24/2024 5:40:34 PM
48288,41,,Societa di Ortoflorofrutticoltura Italiana,1/24/2024 5:40:34 PM
48289,41,,Societa Editrice il Mulino,1/24/2024 5:40:34 PM
48291,41,,Societe Belge de Geographie,1/24/2024 5:40:34 PM
48293,41,,Society for Advancement of Horticulture,1/24/2024 5:40:34 PM
48294,41,,Society for Applied Anthropology,1/24/2024 5:40:34 PM
48296,41,,Society for Indonesian Biodiversity,1/24/2024 5:40:34 PM
48297,41,,"Society for Innovative Agriculture, University of Agriculture",1/24/2024 5:40:34 PM
48300,41,,Society for Sociological Science,1/24/2024 5:40:34 PM
48301,41,,Society for the Advancement of Breeding Researches in Asia and Oceania,1/24/2024 5:40:34 PM
48302,41,,Society for the Study of Evolution,1/24/2024 5:40:34 PM
48306,41,,Society of Pesticide Science India,1/24/2024 5:40:34 PM
48307,41,,Society of Powder Technology,1/24/2024 5:40:34 PM
48312,41,,Soil Science Society of China,1/24/2024 5:40:34 PM
48313,41,,Soil Science Society of Pakistan(SSSP),1/24/2024 5:40:34 PM
48315,41,,South African Society for Agricultural Extension (SASAE),1/24/2024 5:40:34 PM
48316,41,,South China University of Technology,1/24/2024 5:40:34 PM
48317,41,,"South Valley University, Faculty of Agriculture",1/24/2024 5:40:34 PM
48318,41,,"South-West University ""Neofit Rilski""",1/24/2024 5:40:34 PM
48324,41,,Springer Basel,1/24/2024 5:40:34 PM
48325,41,,Springer Berlin Heidelberg,1/24/2024 5:40:34 PM
48326,41,,Springer Fachmedien Wiesbaden,1/24/2024 5:40:34 PM
48327,41,,Springer Heidelberg,1/24/2024 5:40:34 PM
48331,41,,Springer New York,1/24/2024 5:40:34 PM
48337,41,,Springer Science+Business Media,1/24/2024 5:40:34 PM
48341,41,,Springer US,1/24/2024 5:40:34 PM
48343,41,,Springer-Verlag Berlin Heidelberg,1/24/2024 5:40:34 PM
48346,41,,Springer-Verlag Wien,1/24/2024 5:40:34 PM
48348,41,,SPSD Press,1/24/2024 5:40:34 PM
48351,41,,Stanford Law School,1/24/2024 5:40:34 PM
48353,41,,Statistics Canada,1/24/2024 5:40:34 PM
48354,41,,Success Culture Press,1/24/2024 5:40:34 PM
48355,41,,Swansea University,1/24/2024 5:40:34 PM
48356,41,,Swedish Nutrition Foundation,1/24/2024 5:40:34 PM
48357,41,,Tabriz University of Medical Sciences,1/24/2024 5:40:34 PM
48358,41,,Taiwan Public Health Association,1/24/2024 5:40:34 PM
48364,41,,Taylor's University,1/24/2024 5:40:34 PM
48365,41,,Tech Science Press,1/24/2024 5:40:34 PM
48366,41,,Technical University of Liberec,1/24/2024 5:40:34 PM
48367,41,,Technoscience Publications,1/24/2024 5:40:34 PM
48369,41,,Tehran University of Medical Sciences,1/24/2024 5:40:34 PM
48370,41,,Temple University,1/24/2024 5:40:34 PM
48371,41,,Termedia Publishing House Ltd.,1/24/2024 5:40:34 PM
48372,41,,Teton NewMedia,1/24/2024 5:40:34 PM
48373,41,,Texas A&M University Press,1/24/2024 5:40:34 PM
48374,41,,Texas A&M University Texas Water Resources Institute,1/24/2024 5:40:34 PM
48375,41,,Texas Academy of Science,1/24/2024 5:40:34 PM
48376,41,,Texas Medical Center Library,1/24/2024 5:40:34 PM
48378,41,,The AAAI Press,1/24/2024 5:40:34 PM
48379,41,,The Korean Society of Food Science and Technology,1/24/2024 5:40:34 PM
48380,41,,The MIT Press,1/24/2024 5:40:34 PM
48381,41,,The Permanente Federation LLC,1/24/2024 5:40:34 PM
48382,41,,The Scientific Agricultural Society of Finland,1/24/2024 5:40:34 PM
48386,41,,ThinkBiotech LLC,1/24/2024 5:40:34 PM
48387,41,,Thomas A. Lyson Center for Civic Agriculture and Food Systems,1/24/2024 5:40:34 PM
48388,41,,Tokyo Geographical Society,1/24/2024 5:40:34 PM
48391,41,,Tsinghua University Press,1/24/2024 5:40:34 PM
48392,41,,TU Delft,1/24/2024 5:40:34 PM
48393,41,,U.S. Fish and Wildlife Service,1/24/2024 5:40:34 PM
48395,41,,UniCeSV - Universita degli Studi di Firenze,1/24/2024 5:40:34 PM
48396,41,,United Arab Emirates University,1/24/2024 5:40:34 PM
48397,41,,United Nations Publications,1/24/2024 5:40:34 PM
48398,41,,United Scientific Group,1/24/2024 5:40:34 PM
48400,41,,Universidad Austral de Chile,1/24/2024 5:40:34 PM
48402,41,,Universidad Autonoma del Estado de Mexico,1/24/2024 5:40:34 PM
48403,41,,Universidad Centroccidental Lisandro Alvarado (UCLA),1/24/2024 5:40:34 PM
48404,41,,Universidad de Antioquia,1/24/2024 5:40:34 PM
48406,41,,Universidad de Concepcion,1/24/2024 5:40:34 PM
48407,41,,"Universidad de Cordoba,Servicio de Publicaciones",1/24/2024 5:40:34 PM
48408,41,,Universidad de Costa Rica,1/24/2024 5:40:34 PM
48410,41,,Universidad de Tarapaca,1/24/2024 5:40:34 PM
48413,41,,Universidad Nacional de Colombia,1/24/2024 5:40:34 PM
48415,41,,Universidad Nacional de Cuyo,1/24/2024 5:40:34 PM
48416,41,,Universidad Nacional de La Plata,1/24/2024 5:40:34 PM
48419,41,,Universidad Pompeu Fabra,1/24/2024 5:40:34 PM
48429,41,,Universidade Federal de Sao Carlos,1/24/2024 5:40:34 PM
48431,41,,Universidade Federal Rural do Semi-Arido,1/24/2024 5:40:34 PM
48432,41,,Universita di Roma Tor Vergata,1/24/2024 5:40:34 PM
48433,41,,Universitas Pendidikan Indonesia,1/24/2024 5:40:34 PM
48437,41,,Universitat Rovira i Virgili,1/24/2024 5:40:34 PM
48438,41,,Universite Laval,1/24/2024 5:40:34 PM
48439,41,,Universite Mohammed Premier Oujda,1/24/2024 5:40:34 PM
48440,41,,Universiti Malaysia Terengganu,1/24/2024 5:40:34 PM
48441,41,,Universiti Putra Malaysia,1/24/2024 5:40:34 PM
48442,41,,Universiti Putra Malaysia Press,1/24/2024 5:40:34 PM
48443,41,,University Health Partners of Hawaii,1/24/2024 5:40:34 PM
48444,41,,"University Library System, University of Pittsburgh",1/24/2024 5:40:34 PM
48446,41,,University of Alberta,1/24/2024 5:40:34 PM
48447,41,,University of Arizona,1/24/2024 5:40:34 PM
48448,41,,University of Arizona Libraries,1/24/2024 5:40:34 PM
48450,41,,"University of Baghdad, College of Agriculture",1/24/2024 5:40:34 PM
48451,41,,University of Baghdad-College of Science,1/24/2024 5:40:34 PM
48452,41,,University of Belgrade,1/24/2024 5:40:34 PM
48454,41,,University of Bologna,1/24/2024 5:40:34 PM
48455,41,,University of Boras,1/24/2024 5:40:34 PM
48456,41,,University of California,1/24/2024 5:40:34 PM
48460,41,,University of Chicago Law School,1/24/2024 5:40:34 PM
48462,41,,University of Cincinnati,1/24/2024 5:40:34 PM
48463,41,,"University of Craiova, Faculty of Social Sciences, Department of Geography",1/24/2024 5:40:34 PM
48465,41,,University of Georgia Press,1/24/2024 5:40:34 PM
48466,41,,University of Guilan,1/24/2024 5:40:34 PM
48467,41,,University of Hawaii at Manoa,1/24/2024 5:40:34 PM
48468,41,,University of Hawaii Press,1/24/2024 5:40:34 PM
48471,41,,University of Iowa Press,1/24/2024 5:40:34 PM
48473,41,,University of Kragujevac - Faculty of Economics,1/24/2024 5:40:34 PM
48475,41,,University of Latvia,1/24/2024 5:40:34 PM
48476,41,,University of Ljubljana,1/24/2024 5:40:34 PM
48477,41,,University of Michigan Press,1/24/2024 5:40:34 PM
48478,41,,University of Minnesota,1/24/2024 5:40:34 PM
48482,41,,University of Nebraska Press,1/24/2024 5:40:34 PM
48486,41,,University of Novi Sad,1/24/2024 5:40:34 PM
48487,41,,University of Oregon,1/24/2024 5:40:34 PM
48488,41,,University of Pennsylvania Law School,1/24/2024 5:40:34 PM
48489,41,,University of Pittsburgh Press,1/24/2024 5:40:34 PM
48490,41,,University of Pretoria,1/24/2024 5:40:34 PM
48491,41,,University of Punjab (new Campus),1/24/2024 5:40:34 PM
48493,41,,University of South Florida,1/24/2024 5:40:34 PM
48494,41,,University of Southern California,1/24/2024 5:40:34 PM
48497,41,,University of Teheran,1/24/2024 5:40:34 PM
48498,41,,University of the Philippines Los Banos,1/24/2024 5:40:34 PM
48499,41,,University of the Philippines Manila,1/24/2024 5:40:34 PM
48500,41,,University of the West Indies,1/24/2024 5:40:34 PM
48501,41,,University of Toronto,1/24/2024 5:40:34 PM
48502,41,,University of Toronto Press,1/24/2024 5:40:34 PM
48503,41,,University of Toronto Press Inc.,1/24/2024 5:40:34 PM
48505,41,,University of Wollongong,1/24/2024 5:40:34 PM
48506,41,,University of Zagreb,1/24/2024 5:40:34 PM
48508,41,,University Press of Colorado,1/24/2024 5:40:34 PM
48512,41,,US Social Security Administration,1/24/2024 5:40:34 PM
48514,41,,Vanderbilt Law Review,1/24/2024 5:40:34 PM
48515,41,,VDE VERLAG GMBH,1/24/2024 5:40:34 PM
48516,41,,VDI Verlag GMBH,1/24/2024 5:40:34 PM
48517,41,,Verlag Dr. Albert Bartens KG,1/24/2024 5:40:34 PM
48519,41,,Veterinary Organization,1/24/2024 5:40:34 PM
48520,41,,Veterinary World,1/24/2024 5:40:34 PM
48521,41,,Viella,1/24/2024 5:40:34 PM
48522,41,,Vilnius University,1/24/2024 5:40:34 PM
48523,41,,Vilnius University Press,1/24/2024 5:40:34 PM
48525,41,,Vita e Pensiero,1/24/2024 5:40:34 PM
48526,41,,"VUC Praha, a.s.",1/24/2024 5:40:34 PM
48527,41,,Vysoka Skola Ekonomicka,1/24/2024 5:40:34 PM
48534,41,,Weed Science Society of America,1/24/2024 5:40:34 PM
48538,41,,Whiting and Birch,1/24/2024 5:40:34 PM
48539,41,,"Wildlife Disease Association, Inc.",1/24/2024 5:40:34 PM
48547,41,,Wilson Ornithological Society,1/24/2024 5:40:34 PM
48548,41,,Wissenschaftliche Verlagsgesellschaft mbH,1/24/2024 5:40:34 PM
48550,41,,Wolters Kluwer Health,1/24/2024 5:40:34 PM
48551,41,,Wolters Kluwer Health Adis (ESP),1/24/2024 5:40:34 PM
48552,41,,Wolters Kluwer Medknow Publications,1/24/2024 5:40:34 PM
48553,41,,World Informations Syndicate,1/24/2024 5:40:34 PM
48554,41,,World Organisation for Animal Health,1/24/2024 5:40:34 PM
48559,41,,World Scientific Publishing Co. Pte. Ltd.,1/24/2024 5:40:34 PM
48560,41,,Wydawnictwo Akad Rolniczej W Lublinie,1/24/2024 5:40:34 PM
48561,41,,Yale University Press,1/24/2024 5:40:34 PM
48562,41,,Yijun Institute of International Law,1/24/2024 5:40:34 PM
48563,41,,"Zagazig University, Faculty of Veterinary Medicine",1/24/2024 5:40:34 PM
48564,41,,Zhejiang University,1/24/2024 5:40:34 PM
48568,41,,"Aboriginal and Torres Strait Islander Studies Unit, The University of Queensland",1/24/2024 5:40:34 PM
48570,41,,Academic Conferences and Publishing International Limited,1/24/2024 5:40:34 PM
48580,41,,Academy of Science of South Africa,1/24/2024 5:40:34 PM
48581,41,,Acoustical Society of America,1/24/2024 5:40:34 PM
48583,41,,Addleton Academic Publishers,1/24/2024 5:40:34 PM
48586,41,,Adult Learning Australia,1/24/2024 5:40:34 PM
48587,41,,ADULT LEARNING AUSTRALIA INC,1/24/2024 5:40:34 PM
48592,41,,African Studies Association of Australasia and the Pacific,1/24/2024 5:40:34 PM
48618,41,,Allen Press Inc.,1/24/2024 5:40:34 PM
48619,41,,Allergy and Immunology Society of Thailand,1/24/2024 5:40:34 PM
48620,41,,Alliance of Digital Humanities Organisations,1/24/2024 5:40:34 PM
48627,41,,American Academy of Psychiatry and the Law,1/24/2024 5:40:34 PM
48629,41,,American Alcohol and Drug Information Foundation (Lansing),1/24/2024 5:40:34 PM
48637,41,,American Association of Colleges of Pharmacy,1/24/2024 5:40:34 PM
48638,41,,American Association of Critical Care Nurses,1/24/2024 5:40:34 PM
48639,41,,American Association of Immunologists,1/24/2024 5:40:34 PM
48640,41,,American Association of Neurological Surgeons,1/24/2024 5:40:34 PM
48644,41,,American Association on Mental Retardation,1/24/2024 5:40:34 PM
48650,41,,American Dental Hygienists Association,1/24/2024 5:40:34 PM
48654,41,,American Gastroenterological Association,1/24/2024 5:40:34 PM
48655,41,,American Health Information Management Association,1/24/2024 5:40:34 PM
48658,41,,American Institute of Chemical Engineers,1/24/2024 5:40:34 PM
48669,41,,American Physical Society,1/24/2024 5:40:34 PM
48678,41,,American Roentgen Ray Society,1/24/2024 5:40:34 PM
48680,41,,American Society for Clinical Investigation,1/24/2024 5:40:34 PM
48695,41,,American Society of Nephrology,1/24/2024 5:40:34 PM
48709,41,,"Anthony J. Jannetti Publications, Inc.",1/24/2024 5:40:34 PM
48717,41,,Architectural Science Association,1/24/2024 5:40:34 PM
48719,41,,ArchNet,1/24/2024 5:40:34 PM
48731,41,,Asian Association on Remote Sensing,1/24/2024 5:40:34 PM
48735,41,,Asian Pacific Organization for Cancer Prevention,1/24/2024 5:40:34 PM
48741,41,,Asociacion Espanola de Geografia,1/24/2024 5:40:34 PM
48752,41,,Association for Computational Linguistics (ACL),1/24/2024 5:40:34 PM
48760,41,,Association of Military Surgeons of the US,1/24/2024 5:40:34 PM
48763,41,,"ATRF, Commonwealth of Australia",1/24/2024 5:40:34 PM
48765,41,,Australasian Association of Writing Programs,1/24/2024 5:40:34 PM
48767,41,,Australasian College of Paramedicine,1/24/2024 5:40:34 PM
48768,41,,Australasian College of Road Safety,1/24/2024 5:40:34 PM
48769,41,,Australasian Medical Journal Pty Ltd,1/24/2024 5:40:34 PM
48770,41,,Australia New Zealand Regional Science Association International Inc. (ANZRSAI),1/24/2024 5:40:34 PM
48771,41,,Australian and New Zealand Student Services Association,1/24/2024 5:40:34 PM
48774,41,,Australian Centre for Geomechanics,1/24/2024 5:40:34 PM
48775,41,,Australian Government Publishing Service,1/24/2024 5:40:34 PM
48776,41,,Australian Health Promotion Association,1/24/2024 5:40:34 PM
48777,41,,Australian Housing and Urban Research Institute,1/24/2024 5:40:34 PM
48778,41,,Australian Institute for Disaster Resilience,1/24/2024 5:40:34 PM
48779,41,,Australian Institute of Aboriginal and Torres Strait Islander Studies,1/24/2024 5:40:34 PM
48780,41,,Australian Library and Information Association,1/24/2024 5:40:34 PM
48781,41,,Australian Nursing Federation,1/24/2024 5:40:34 PM
48782,41,,Australian Society for Sports History,1/24/2024 5:40:34 PM
48783,41,,Australian Society of Orthodontists,1/24/2024 5:40:34 PM
48784,41,,Australian Society of Plastic Surgeons,1/24/2024 5:40:34 PM
48786,41,,AVES,1/24/2024 5:40:34 PM
48797,41,,Berghahn Journals,1/24/2024 5:40:34 PM
48821,41,,Bristol University Press,1/24/2024 5:40:34 PM
48822,41,,British Computer Society,1/24/2024 5:40:34 PM
48832,41,,Canadian Association of Speech-Language Pathologists and Audiologists,1/24/2024 5:40:34 PM
48834,41,,Canadian Geriatrics Society,1/24/2024 5:40:34 PM
48842,41,,Canadian Society of Hospital Pharmacists,1/24/2024 5:40:34 PM
48843,41,,Canadian Society of Respiratory Therapists,1/24/2024 5:40:34 PM
48844,41,,Canadian Urological Association,1/24/2024 5:40:34 PM
48859,41,,Centre for Studies in Australian Literature,1/24/2024 5:40:34 PM
48861,41,,Centro de Estudos da Faculdade de Enfermagem da UERJ,1/24/2024 5:40:34 PM
48862,41,,Centro de Estudos de Crescimento e Desenvolvimento do Ser Humano,1/24/2024 5:40:34 PM
48870,41,,Channel View Publications,1/24/2024 5:40:34 PM
48881,41,,Chiropractors' Association of Australia,1/24/2024 5:40:34 PM
48890,41,,Cogitatio Press,1/24/2024 5:40:34 PM
48891,41,,Cognizant Communication Corporation,1/24/2024 5:40:34 PM
48896,41,,College of Family Physicians of Canada,1/24/2024 5:40:34 PM
48897,41,,College Publishing,1/24/2024 5:40:34 PM
48905,41,,Connecticut State Medical Society,1/24/2024 5:40:34 PM
48918,41,,Crea Journals,1/24/2024 5:40:34 PM
48932,41,,De Gruyter Mouton,1/24/2024 5:40:34 PM
48941,41,,Dermatology Online Journal,1/24/2024 5:40:34 PM
48948,41,,Dove Medical Press Ltd.,1/24/2024 5:40:34 PM
48950,41,,Dr. Yashwant Research Labs Pvt. Ltd.,1/24/2024 5:40:34 PM
48971,41,,Editions Medecine et Hygiene,1/24/2024 5:40:34 PM
48988,41,,Educational Publishing Foundation,1/24/2024 5:40:34 PM
48997,41,,eLife Sciences Publications Ltd,1/24/2024 5:40:34 PM
49008,41,,EManuscript Services,1/24/2024 5:40:34 PM
49016,41,,Engineers Australia,1/24/2024 5:40:34 PM
49023,41,,Equinox Publishing Ltd,1/24/2024 5:40:34 PM
49034,41,,European Respiratory Society,1/24/2024 5:40:34 PM
49049,41,,Field Naturalists Club of Victoria,1/24/2024 5:40:34 PM
49052,41,,Flinders University,1/24/2024 5:40:34 PM
49056,41,,Fortress Press,1/24/2024 5:40:34 PM
49065,41,,Frontline Medical Communications,1/24/2024 5:40:34 PM
49072,41,,Fundacion para la difusion neurologica en Ecuador - FUNDINE,1/24/2024 5:40:34 PM
49075,41,,Gallaudet University Press,1/24/2024 5:40:34 PM
49077,41,,Gate Association for Teaching and Education,1/24/2024 5:40:34 PM
49094,41,,Gokmen Arslan,1/24/2024 5:40:34 PM
49101,41,,Guilford Publications,1/24/2024 5:40:34 PM
49104,41,,Hapres Limited,1/24/2024 5:40:34 PM
49105,41,,Harborside Press,1/24/2024 5:40:34 PM
49106,41,,Harvard School of Public Health,1/24/2024 5:40:34 PM
49110,41,,Health Quality Ontario ,1/24/2024 5:40:34 PM
49113,41,,Henry Stewart Publications,1/24/2024 5:40:34 PM
49120,41,,Hogrefe Publishing GmbH,1/24/2024 5:40:34 PM
49121,41,,Hogrefe Verlag GmbH & Co. KG,1/24/2024 5:40:34 PM
49137,41,,Impact Journals LLC,1/24/2024 5:40:34 PM
49151,41,,Informa UK Ltd,1/24/2024 5:40:34 PM
49164,41,,Institute for the Study of Language and Information,1/24/2024 5:40:34 PM
49193,41,,Instituto Nacional de Psiquiatria Ramon de la Fuente,1/24/2024 5:40:34 PM
49201,41,,"International Advancement Center for Medicine and Health Research Co., Ltd.",1/24/2024 5:40:34 PM
49202,41,,International Association for Computer Information Systems,1/24/2024 5:40:34 PM
49212,41,,International Educational Data Mining Society,1/24/2024 5:40:34 PM
49218,41,,International Journal of Renewable Energy Research,1/24/2024 5:40:34 PM
49227,41,,International Solar Energy Society,1/24/2024 5:40:34 PM
49228,41,,International Speech Communication Association,1/24/2024 5:40:34 PM
49240,41,,ISASS,1/24/2024 5:40:34 PM
49243,41,,ISHIB,1/24/2024 5:40:34 PM
49247,41,,Ismail Saritas,1/24/2024 5:40:34 PM
49256,41,,Ivyspring International Publisher,1/24/2024 5:40:34 PM
49258,41,,Izdatel'stvo Meditsina,1/24/2024 5:40:34 PM
49269,41,,John Benjamins Publishing Company,1/24/2024 5:40:34 PM
49275,41,,Joint APNHR and AHRC,1/24/2024 5:40:34 PM
49276,41,,"Joint Commission Resources, Inc.",1/24/2024 5:40:34 PM
49279,41,,Journal of Chinese Medicine,1/24/2024 5:40:34 PM
49287,41,,Kare Publishing,1/24/2024 5:40:34 PM
49289,41,,Kasetsart University Research and Development Institute,1/24/2024 5:40:34 PM
49300,41,,Korea Genome Organization,1/24/2024 5:40:34 PM
49310,41,,Korean Society of Civil Engineers,1/24/2024 5:40:34 PM
49313,41,,Korean Society of Management Information Systems,1/24/2024 5:40:34 PM
49320,41,,Landesmesse Stuttgart GmbH,1/24/2024 5:40:34 PM
49323,41,,Lectito,1/24/2024 5:40:34 PM
49324,41,,Lepidopterists' Society,1/24/2024 5:40:34 PM
49327,41,,Linguistic Society of America,1/24/2024 5:40:34 PM
49330,41,,Literatura Medica Publishing House,1/24/2024 5:40:34 PM
49331,41,,Liverpool University Press,1/24/2024 5:40:34 PM
49337,41,,LSE Press,1/24/2024 5:40:34 PM
49340,41,,Magnolia Press,1/24/2024 5:40:34 PM
49349,41,,Manchester University Press,1/24/2024 5:40:34 PM
49354,41,,Masson SpA,1/24/2024 5:40:34 PM
49358,41,,Maximum Academic Press,1/24/2024 5:40:34 PM
49363,41,,Meanjin Company Ltd.,1/24/2024 5:40:34 PM
49364,41,,Medi Media USA Inc,1/24/2024 5:40:34 PM
49366,41,,Medical Journals/Acta D-V,1/24/2024 5:40:34 PM
49367,41,,Medical Library Association,1/24/2024 5:40:34 PM
49370,41,,Mediengruppe Oberfranken - Fachverlage GmbH & Co. KG,1/24/2024 5:40:34 PM
49374,41,,Medycyna Praktyczna Cholerzyn,1/24/2024 5:40:34 PM
49375,41,,Melbourne University Law Review,1/24/2024 5:40:34 PM
49408,41,,National Old Age Insurance Fund,1/24/2024 5:40:34 PM
49412,41,,National Weather Association,1/24/2024 5:40:34 PM
49416,41,,NCEUB 2017 - Network for Comfort and Energy Use in Buildings,1/24/2024 5:40:34 PM
49419,41,,New Zealand Coastal Society,1/24/2024 5:40:34 PM
49420,41,,New Zealand Department of Conservation,1/24/2024 5:40:34 PM
49421,41,,New Zealand Ecological Society,1/24/2024 5:40:34 PM
49422,41,,New Zealand Medical Association,1/24/2024 5:40:34 PM
49424,41,,New Zealand Psychological Society,1/24/2024 5:40:34 PM
49425,41,,New Zealand Society for Earthquake Engineering,1/24/2024 5:40:34 PM
49426,41,,New Zealand Sociology,1/24/2024 5:40:34 PM
49427,41,,Newlands Press Ltd,1/24/2024 5:40:34 PM
49429,41,,Nga Pae o te Maramatanga,1/24/2024 5:40:34 PM
49441,41,,Nursing Praxis in New Zealand,1/24/2024 5:40:34 PM
49445,41,,Office of the Federal Register,1/24/2024 5:40:34 PM
49447,41,,OJNI Corp.,1/24/2024 5:40:34 PM
49458,41,,Otago Polytechnic,1/24/2024 5:40:34 PM
49461,41,,Pacific Early Childhood Education Research Association,1/24/2024 5:40:34 PM
49462,41,,"Pacific Media Centre, Auckland University of Technology",1/24/2024 5:40:34 PM
49467,41,,Pakistan Medical Association,1/24/2024 5:40:34 PM
49477,41,,"Pediatric Pharmacy Advocacy Group, Inc.",1/24/2024 5:40:34 PM
49487,41,,Physicians Postgraduate Press Inc.,1/24/2024 5:40:34 PM
49490,41,,Plate Media,1/24/2024 5:40:34 PM
49500,41,,Polish Society Magnesium Research,1/24/2024 5:40:34 PM
49506,41,,Population Reference Bureau,1/24/2024 5:40:34 PM
49508,41,,Prague University of Economics and Business,1/24/2024 5:40:34 PM
49519,41,,Publisher of the University of Warmia and Mazury in Olsztyn,1/24/2024 5:40:34 PM
49523,41,,Quadrant Healthcom Inc.,1/24/2024 5:40:34 PM
49524,41,,Queensland University of Technology,1/24/2024 5:40:34 PM
49525,41,,Radiological Society of North America Inc.,1/24/2024 5:40:34 PM
49529,41,,Remedium Group Ltd,1/24/2024 5:40:34 PM
49544,41,,Royal Australian College of General Practitioners,1/24/2024 5:40:34 PM
49545,41,,Royal College of General Practitioners,1/24/2024 5:40:34 PM
49549,41,,Royal Society of Queensland,1/24/2024 5:40:34 PM
49565,41,,Sax Institute,1/24/2024 5:40:34 PM
49566,41,,Schattauer GmbH,1/24/2024 5:40:34 PM
49567,41,,Scholarship at Western,1/24/2024 5:40:34 PM
49579,41,,Scientific Scholar,1/24/2024 5:40:34 PM
49582,41,,Scuola Iad,1/24/2024 5:40:34 PM
49583,41,,Seismological Society of America,1/24/2024 5:40:34 PM
49586,41,,"Seoul National University, Institute for Cognitive Science",1/24/2024 5:40:34 PM
49593,41,,Shima Publications (Australia),1/24/2024 5:40:34 PM
49596,41,,SIPISS- Edizioni FS Publishers,1/24/2024 5:40:34 PM
49599,41,,Slavica Publishers,1/24/2024 5:40:34 PM
49601,41,,Socholarship@Western,1/24/2024 5:40:34 PM
49630,41,,Society for the Provision of Education in Rural Education,1/24/2024 5:40:34 PM
49633,41,,Society of Automotive Engineers of Japan Inc,1/24/2024 5:40:34 PM
49635,41,,Society of Forensic Toxicologists,1/24/2024 5:40:34 PM
49663,41,,Springer London,1/24/2024 5:40:34 PM
49690,41,,Stolichnaya Izdatelskaya Kompaniya,1/24/2024 5:40:34 PM
49692,41,,Surveillance Studies Network,1/24/2024 5:40:34 PM
49715,41,,Texas Heart Institute,1/24/2024 5:40:34 PM
49728,41,,Tobacco Regulatory Science Group,1/24/2024 5:40:34 PM
49734,41,,Tulane University,1/24/2024 5:40:34 PM
49735,41,,Turkish National Pediatric Society,1/24/2024 5:40:34 PM
49736,41,,Turkiye Klinikleri,1/24/2024 5:40:34 PM
49740,41,,Undersea and Hyperbaric Medical Society,1/24/2024 5:40:34 PM
49755,41,,Universidad de Granada,1/24/2024 5:40:34 PM
49758,41,,Universidad del Bío Bío,1/24/2024 5:40:34 PM
49766,41,,Universidad Nacional de Trujillo,1/24/2024 5:40:34 PM
49773,41,,Universidade de Sao Paulo,1/24/2024 5:40:34 PM
49780,41,,Universidade Federal de Uberlandia,1/24/2024 5:40:34 PM
49803,41,,University of Bath,1/24/2024 5:40:34 PM
49809,41,,University of California - Department of Emergency Medicine,1/24/2024 5:40:34 PM
49812,41,,"University of California, Los Angeles, Asian American Studies Center",1/24/2024 5:40:34 PM
49825,41,,University of Iowa,1/24/2024 5:40:34 PM
49838,41,,University of Nebraska-Lincoln,1/24/2024 5:40:34 PM
49847,41,,University of Prince Edward Island,1/24/2024 5:40:34 PM
49849,41,,"University of Saskatchewan, Department of Educational Administration, College of Education",1/24/2024 5:40:34 PM
49851,41,,University of Sheffield,1/24/2024 5:40:34 PM
49863,41,,University of Western Sydney,1/24/2024 5:40:34 PM
49874,41,,UTS ePRESS,1/24/2024 5:40:34 PM
49880,41,,Verlag Hans Huber AG,1/24/2024 5:40:34 PM
49896,41,,Web Portal Ubiquity Press,1/24/2024 5:40:34 PM
49901,41,,Western University,1/24/2024 5:40:34 PM
49912,41,,Wilf Malcolm Institute of Educational Research,1/24/2024 5:40:34 PM
49913,41,,Wilfrid Laurier University Press,1/24/2024 5:40:34 PM
49919,41,,Wolters Kluwer Health Inc,1/24/2024 5:40:34 PM
