keywords,n
Family Characteristic,2277
Food Pantries,2052
Program Participation,2052
Obesity,908
Agriculture,895
Farmers' Markets,821
Farmers,720
Grocery Stores,713
China,646
Crops,515
Urban Agriculture,497
Community Supported Agriculture,485
Local Food Systems,485
Community Participation,476
Diet,367
COVID-19,353
CERES (Experiment),340
Climate Change Impact,336
Weeds,250
Food Loss,248
Waste Prevention,248
Cover Crops,246
Vicia Villosa,245
Common Agricultural Policy,227
Zea Mays,221
Cancer,217
Animals,207
Climate Change,202
Exercise,198
Biomass,196
Algicide,179
Bees,176
Livestock Products,174
Meat Consumption,174
Bombus,173
Land Cover,172
Neonicotinoids,172
Biofuel,166
Electronic Medical Record,161
Morphinomimetic Agent,159
Resilience,157
Cross-Price Elasticity,156
Mental Health,150
Cattle,145
Remote Sensing,142
Life Cycle Assessment,141
Willingness to Pay,139
Tractors,137
Tobacco,135
Pregnancy,131
Ecosystem,130
Vaping,130
Primary Care,129
Electronic Nicotine Delivery Systems,128
Food Security,123
Soil,121
Hispanic Americans,117
Phosphorus,117
Farm,113
Nitrogen,113
Water,111
Education,110
Biodiesel,109
Stream Flow,109
Agricultural Health and Safety,108
Torres Strait,108
Narcotic Analgesic Agent,107
Racial Disparities,106
Cultivar,105
Anti-Bacterial Agents,104
Built Environment,104
Nutrition Information,103
Salmonella,103
Fruit,102
Metafrontier,102
Landsat,101
Stochastic Frontier Model,101
Nexus,100
Soil Organic Carbon,100
Water Footprint,100
Water-Energy Nexus,100
Agricultural Prices,99
Carbon Sinks,99
Crop Insurance,98
Weather Derivatives,98
Menu Planning,97
Bt Cotton,96
Diabetes Mellitus,96
Racism,96
Contract Farming,95
Human Immunodeficiency Virus 1,94
Market Participation,94
Genetically Modified Organisms,93
Prescription Drug Monitoring Programs,93
River Basin,93
Emigration And Immigration,92
Nonpoint Source Pollution,91
Preschool Children,91
Climate Change Adaptation,90
Internet Of Things,90
